id,name,created_at,jobs_count,How Did You Hear About Us?
4c5dd3d1-9c8c-4203-a179-3a2590f8d596,Company 1,2018-03-28 10:12:14 UTC,0,
e7e55f08-7a8e-4203-bb3d-3fca5e6636d1,Company 2,2018-06-14 19:56:43 UTC,0,
3bed26a3-ee5f-41b6-922c-21d335ecdba8,Company 3,2018-01-10 03:43:17 UTC,1,
65f6456f-fd3c-40a3-9f2a-5149b3cbc77a,Company 4,2018-03-13 12:09:01 UTC,0,
e75a7240-01ea-421c-8ae7-48920a292d6c,Company 5,2018-01-11 18:33:22 UTC,0,
02a54de9-aef1-4c20-afe6-cefa3ebbac1c,Company 6,2018-01-24 13:16:40 UTC,1,
5dc66bfc-1d13-4d05-a58f-18da1ae671f1,Company 7,2018-06-12 15:07:56 UTC,1,
8bfd42bd-fa36-4ba0-80ea-792cca18fa7d,Company 8,2018-03-22 19:55:16 UTC,0,
b4f48a8b-c5ac-4bf5-ba70-bf0a5eea3f66,Company 9,2018-09-06 22:49:51 UTC,0,Referral / Word of Mouth
8e5aeaea-4015-4f7f-857b-a47a9306fba8,Company 10,2018-01-07 03:32:22 UTC,1,
205a05be-8268-4f65-a726-5fd169e9f843,Company 11,2018-03-14 22:24:00 UTC,1,
6f745c88-933d-43b3-9285-e5c0a6d4665b,Company 12,2018-03-11 23:05:37 UTC,0,
675f8054-0226-4613-a5fd-01c08822aba1,Company 13,2018-04-13 19:03:56 UTC,1,
25664fff-8983-476d-82ef-37c6bdbe6ae9,Company 14,2018-04-30 20:40:14 UTC,0,
1cb96886-0cb5-46db-842a-6b0624159a49,Company 15,2018-07-25 19:09:12 UTC,0,
d3b171b6-96ac-4233-a90a-583f8fa1fd48,Company 16,2018-04-04 18:26:13 UTC,0,
4aa9217e-572c-4faf-b48e-29a6f21ea9ac,Company 17,2018-02-20 19:02:39 UTC,1,
2b1beb02-46de-49a3-a827-a3eaf7a0dedc,Company 18,2018-11-09 15:14:45 UTC,0,Google Search
ab731539-8886-41b8-89df-9e1edb09a614,Company 19,2018-09-27 16:47:05 UTC,0,Referral / Word of Mouth
49f3318a-1fed-4203-bf6d-c0f12a25580c,Company 20,2018-05-21 16:43:15 UTC,1,
804aeac0-83f9-4d38-a889-f981bff2564c,Company 21,2018-10-04 15:59:14 UTC,0,Partner Site
26c9a53f-d27e-48c2-940a-b4bdffab81a9,Company 21,2018-10-04 15:08:21 UTC,0,Partner Site
6c3059f7-0f1e-49e9-8397-b9a37dd941ed,Company 21,2018-10-04 14:36:24 UTC,0,Referral / Word of Mouth
cc895e02-bf99-4f70-8a5a-4b8647321219,Company 21,2018-07-27 03:07:32 UTC,14288,
d69e0866-f50c-4e76-98e1-56ec06d9e301,Company 22,2018-02-19 14:44:15 UTC,1,
c5a16f33-79c0-4d98-8535-b85d0b9bf4c8,Company 23,2018-03-01 18:23:47 UTC,0,
c9ce421a-7a29-4f3a-b630-e79cb70c17cf,Company 24,2018-03-20 17:17:14 UTC,5,
3a2d7314-6d70-4e9e-ade5-ac90981ba52e,Company 25,2018-06-13 18:52:37 UTC,0,
349b33a2-6491-4e0f-a55f-1cac05bfe735,Company 26,2018-03-14 21:04:49 UTC,0,
372cec5e-6801-4353-b575-0daf61640f74,Company 27,2019-01-18 21:07:35 UTC,0,Referral / Word of Mouth
f08fbacb-737b-4756-9510-ffb3fbfe12e1,Company 28,2018-06-13 14:50:51 UTC,0,
138062de-2fee-4e75-b6e9-f290abd0877e,Company 28,2018-06-13 14:41:40 UTC,0,
ed96c053-51d4-4455-b17e-c2667b1aa221,Company 28,2018-06-13 14:38:13 UTC,0,
56a48536-0357-4151-ba13-63fb6789bbc7,Company 28,2018-06-13 14:26:03 UTC,0,
9fb7cf5b-afc9-4494-8d44-53db7868bc50,Company 28,2018-06-13 13:11:39 UTC,0,
43468bb0-cf36-4256-9018-5e06f20515d9,Company 28,2018-06-07 16:21:08 UTC,0,
601da451-9d23-4e8f-93b6-d7b64ff2f5d5,Company 29,2018-12-16 02:47:19 UTC,0,Partner Site
39509cf7-d613-4e66-8438-37208cddd575,Company 30,2018-05-31 18:55:46 UTC,1,
e83739c6-ae35-4e70-9c78-585e4a8094a9,Company 31,2018-09-17 20:38:42 UTC,1,Referral / Word of Mouth
0b63b213-a2b0-4224-8bb0-5b94fc22f3e6,Company 31,2019-01-16 16:27:08 UTC,0,Referral / Word of Mouth
00bbad69-30de-4f04-bd4e-55b05e855e4e,Company 32,2018-12-18 23:07:21 UTC,0,Facebook
d79487ec-4eef-4b59-adfb-8658ee76eb5a,Company 33,2018-08-02 18:50:19 UTC,0,Referral / Word of Mouth
85f51522-f204-4507-aecc-cd5e5261087a,Company 34,2018-02-20 15:57:46 UTC,1185,Onward to Opportunity
343232a4-47ef-4880-b237-93b661102c26,Company 35,2018-09-19 22:03:44 UTC,2,
ed2fba18-c94e-4fa6-9a51-fc306dd7ff43,Company 35,2018-05-24 20:21:48 UTC,0,
03834823-405e-4420-a5d1-03e6a10bdcfb,Company 35,2018-02-15 00:09:38 UTC,1,
bd4ba7f2-4729-4430-870f-3e4b31ca807d,Company 35,2018-05-11 16:28:10 UTC,1,
0a5669cc-0c6b-4834-975a-1bece1a40649,Company 36,2018-07-26 12:16:13 UTC,0,Google Search
439a285d-794f-49d7-94f3-2fe792621155,Company 37,2018-05-14 19:37:02 UTC,1,
0835a362-76c6-4239-9773-15a8db1b0fa4,Company 38,2018-03-06 16:07:59 UTC,0,
9330a87d-3c27-4bb8-a5ad-c6b3eeea8164,Company 39,2018-04-18 16:51:02 UTC,0,
c1caf59b-e0b9-486d-aa11-ac9a5a5b871d,Company 40,2018-12-19 01:17:56 UTC,1,Referral / Word of Mouth
035c3019-f9b6-49a9-a26e-6156b7ec9460,Company 41,2018-02-23 15:08:48 UTC,1,
7cf428b3-55a0-43c4-b49d-7f89730a3637,Company 42,2018-01-05 01:30:50 UTC,0,
c038bbf1-607f-4d0a-b927-35c914c262b0,Company 43,2018-03-22 17:35:18 UTC,1,
62616b60-0e5c-4ea1-a331-3794d18dd1c2,Company 44,2018-09-26 20:27:14 UTC,1,Past Client
ef243724-b11f-4b89-884a-d1f327fd0363,Company 45,2019-01-24 16:21:13 UTC,0,Google Search
0cc0ff93-8770-4f57-b961-c164d4a270b4,Company 46,2018-07-12 23:29:35 UTC,1,
45f9ac10-6faa-4b47-93ce-32d38247ea8c,Company 47,2018-08-08 18:16:04 UTC,1,
264fa75a-3006-4486-b971-089f33d19219,Company 48,2018-01-24 19:55:37 UTC,1,
5fd48b99-5e33-426b-b5ca-e892a67dce7b,Company 49,2019-01-24 18:36:57 UTC,1,
36972260-0217-49b5-a3c7-4727744f61f2,Company 50,2018-02-07 17:04:59 UTC,1,
28669751-afbc-47ac-9bba-32e75609bcf7,Company 51,2018-07-11 18:54:22 UTC,1,
b0611b23-f3ac-4b04-a8fb-4cad45924ab0,Company 52,2018-06-05 13:06:16 UTC,1,
23daee0e-a146-4740-a416-616d6c297143,Company 53,2018-04-17 18:40:39 UTC,0,
375e6b22-b982-4be5-84b9-289fcae9b372,Company 54,2019-01-16 19:59:59 UTC,0,LinkedIn
7af089e5-f96f-4286-85b4-33fd18508a59,Company 55,2018-05-30 18:44:21 UTC,1,
4a24d4c4-00eb-4a45-90c2-bc4da4cf30d7,Company 56,2018-07-10 16:09:23 UTC,0,
22438f68-4668-4c96-9738-ff0cba6debfb,Company 57,2018-05-30 14:52:20 UTC,1,
804c8ffc-00ba-421d-95e4-146c2d511d42,Company 58,2018-10-17 18:49:56 UTC,1,Google Search
31b25c1a-ec0c-4475-b0b6-f7cb8fcc4e1d,Company 59,2018-06-11 21:37:24 UTC,1,
34adce51-e623-4725-b5b1-5a337c3ec16a,Company 60,2018-03-26 19:57:39 UTC,4,
5dfa4675-92ff-464a-a52e-f92a316f0e0c,Company 61,2018-03-14 19:54:29 UTC,0,
164a3632-461f-409a-8e9a-54c36e591a21,Company 62,2018-01-29 16:03:30 UTC,0,
922e5679-8cf1-46e9-bf5f-b409eaddb4b3,Company 63,2018-02-27 16:25:01 UTC,2,
f19486f7-02e1-4f47-88f5-29e494f3cd9b,Company 64,2018-09-19 21:26:41 UTC,1,Referral / Word of Mouth
021d89e9-5f0b-4825-94db-2466bb849407,Company 65,2018-05-04 12:45:47 UTC,0,
bfd9a8d0-8994-4939-8a82-bef01151ddfc,Company 65,2018-03-29 20:29:44 UTC,0,
46c3aac9-a7a0-4da2-9d60-983091aef7d5,Company 66,2018-04-18 01:50:48 UTC,0,
d0a9ede2-fc35-4398-8f97-6e9273cccafc,Company 67,2018-06-20 13:37:58 UTC,2,
360ba479-31da-40a2-821c-1e271f27c0a5,Company 68,2018-11-17 18:38:24 UTC,1,Google Search
c869ad6a-ae4c-45ab-b7f3-9842e2dcb82a,Company 69,2018-04-04 18:12:04 UTC,1,
598a1e3c-6017-416d-9037-2482b5073a6a,Company 70,2018-08-30 17:23:12 UTC,1,Google Search
b2ff3780-315f-48ca-8045-5cff38c16e30,Company 71,2018-10-18 17:37:07 UTC,0,Google Search
6010ae07-19b6-44e6-b1aa-659394b36a84,Company 72,2018-07-16 18:14:05 UTC,0,
5d17f1e4-cc2d-4272-9109-92e325c53112,Company 73,2018-07-16 13:41:01 UTC,0,
86a85645-4f9f-495c-ae50-101771c5e26b,Company 74,2019-01-11 17:42:47 UTC,0,Google Search
51a245b7-599c-4ae1-ab6f-447bca8774b9,Company 75,2018-11-12 14:14:11 UTC,0,Referral / Word of Mouth
48a7264d-3f4c-4387-b3d0-bf08336ed5ca,Company 76,2018-03-08 20:34:08 UTC,1,
5738aab1-8620-4034-96b3-d9719d8c6c4d,Company 77,2018-03-06 21:35:18 UTC,0,
ebdea9c2-b746-4fac-a5d7-c056cf8e0a0e,Company 78,2018-03-21 15:03:49 UTC,0,
2743e813-dba8-4b45-afb5-45489f81eebb,Company 79,2018-08-08 21:05:30 UTC,1,
2c62ba70-01e9-409f-a531-6ab2f342af5f,Company 80,2018-08-29 13:46:06 UTC,0,Referral / Word of Mouth
711904a5-33cc-4e5e-970d-092f528e6eb9,Company 81,2019-01-25 20:34:22 UTC,1,Referral / Word of Mouth
7c0fd75a-6dfb-4b4e-a785-bab93014b958,Company 82,2018-08-24 18:44:12 UTC,0,Google Search
6cc900a6-b763-400f-adf7-c5c93d9c4d53,Company 83,2018-10-16 16:11:29 UTC,1,Referral / Word of Mouth
e290dd77-6265-44b1-8fb4-818b4abab8ea,Company 84,2018-01-10 04:05:21 UTC,1,
9a6e6073-4806-445d-954e-fe1d4f88c46f,Company 85,2019-01-28 20:08:38 UTC,0,Google Search
6709a980-7f54-4652-8ecd-e2166d61396e,Company 86,2018-06-26 21:44:22 UTC,1,
b13be075-8602-4f09-afb5-9b331c998b1f,Company 87,2018-05-02 11:30:35 UTC,1,
f23aa7bf-0ed1-4154-87ad-0eb2f81e67f2,Company 88,2018-05-14 18:05:08 UTC,1,
0cc4a6e9-b9a1-4057-bf22-388eb8e69a7d,Company 89,2018-05-02 22:26:50 UTC,4,Partner Site
ccbe2f29-debc-4ab8-bb5c-402feb73d2fb,Company 90,2018-07-12 19:01:35 UTC,1,
8ccc0c47-9e51-44da-916b-ba272a98fc7b,Company 91,2018-10-05 18:10:48 UTC,1,Referral / Word of Mouth
2591c22c-a2d1-48db-bdcd-56d64555942d,Company 92,2018-10-18 12:54:35 UTC,1,Media
f9942f72-31e0-4c7e-8010-82cda91dc97c,Company 93,2018-03-01 13:43:17 UTC,17,
c4f04ba7-63b5-4a7d-a236-d3cc1aa5a439,Company 94,2018-02-14 21:18:33 UTC,0,
b1b74620-142f-4a0a-b30a-ad7de91aa048,Company 95,2018-02-16 13:21:08 UTC,1,
608aea85-e152-48a4-866c-2aaaffea7906,Company 96,2018-10-11 20:02:14 UTC,0,Referral / Word of Mouth
1e4cd38a-53be-4884-8d75-11c2386f4ddb,Company 97,2018-01-04 18:43:36 UTC,0,
26570cf3-8965-4913-bc2d-ae71b096a433,Company 98,2018-02-16 01:49:47 UTC,1,
ec2aeda0-52f4-461c-a42a-80a897d5ecf5,Company 99,2018-07-27 15:47:52 UTC,1,
2d1e79c8-faca-4817-a8ce-35eb5c32fc7a,Company 100,2018-11-06 15:51:35 UTC,1,Referral / Word of Mouth
9dc79d50-34f2-408f-a717-398c4e889b44,Company 101,2018-03-08 17:21:47 UTC,0,
4ef4f67a-fb33-465b-8bf8-b0341d059e7e,Company 102,2018-07-11 18:37:57 UTC,0,
47bacdaf-2f86-4660-9b9d-0dea180bc0bc,Company 102,2018-05-22 18:25:28 UTC,0,
6ebf599f-5e50-4509-a3fb-8896d146b3af,Company 102,2018-05-22 18:24:42 UTC,0,
79552808-ebf2-46d0-8dcb-deb81f7f6f68,Company 102,2018-05-22 18:24:04 UTC,0,
5d98c2a8-1ee2-4843-9879-d3c7c53f12d0,Company 102,2018-05-22 18:23:22 UTC,0,
70b00176-0e19-4c7c-a52f-cb295bf804d8,Company 102,2018-05-22 18:22:35 UTC,0,
cc90b2da-f76c-4995-8f1b-10a2653ec788,Company 102,2018-05-22 18:20:08 UTC,0,
150cbdad-80f9-4280-87c8-03d5ff064457,Company 102,2018-05-22 18:19:11 UTC,0,
95f93c6b-87bc-4f96-ba71-3237f68dc078,Company 102,2018-05-22 18:17:26 UTC,0,
d59a0a8f-b948-436e-ba12-150de154057f,Company 102,2018-05-22 18:16:29 UTC,0,
ec20c49f-0e0c-4851-9080-4fe9cecc2d92,Company 102,2018-05-22 18:14:37 UTC,0,
8540124d-b612-4bf5-9652-2588fd098c56,Company 102,2018-04-09 21:23:09 UTC,5873,
a038efb8-f6f8-4a85-b1d1-0498fda4e867,Company 102,2018-05-22 18:21:46 UTC,0,
b9d3a0c3-13fb-4aca-b183-ed7537a8b38e,Company 102,2018-05-22 18:20:51 UTC,0,
6a6fcc1e-a630-4143-804e-9c6f19fc0350,Company 103,2018-10-24 17:19:23 UTC,7,Partner Site
f560fdfe-8bd3-45d6-a50f-bc935bb080da,Company 104,2018-08-21 15:23:23 UTC,0,Referral / Word of Mouth
b71f3da3-9598-480f-961a-48904f2f9568,Company 105,2018-07-12 17:14:20 UTC,1,
9f7c816f-8b01-4cf6-b6b4-11e2f3e5585c,Company 106,2018-07-25 20:10:20 UTC,1,
fe09648e-629d-47c6-af32-8f446d43e640,Company 107,2018-10-10 20:44:37 UTC,0,Google Search
50a709f2-8302-4f53-8dd8-5543f5f3f60d,Company 108,2018-09-13 20:51:23 UTC,0,
69da2559-279d-4eaa-bf56-ffedbb4f96bd,Company 109,2018-05-03 15:49:43 UTC,1,
36ed7f24-5034-4cca-8425-e3daee383c14,Company 110,2018-07-16 21:11:20 UTC,1,Google Search
be930fee-ff60-45df-a103-4821d3b42328,Company 111,2018-08-15 14:33:17 UTC,0,
212b256b-8c52-42ff-a45c-3ac469948a88,Company 112,2018-07-25 17:13:07 UTC,20,
e5792b1d-f157-42a7-b08f-1cb0f2113425,Company 113,2018-07-27 19:20:34 UTC,1,
0f02ca78-fabd-4900-adc2-2cad3545ef11,Company 114,2018-12-06 18:30:55 UTC,2,Past Client
e2b691f3-8b7d-4d0b-83f0-49b3fad74da8,Company 115,2018-03-18 22:20:17 UTC,1,
3abc2d77-ad4f-470c-b547-2c3ad5ff136f,Company 116,2018-06-19 15:34:52 UTC,0,
ad27b912-1ad7-4b0a-8045-bb5ea94537ea,Company 117,2019-01-04 18:37:37 UTC,4,Past Client
ccafada9-01f1-4ea9-a716-c8c8efa56a58,Company 118,2018-06-18 17:21:43 UTC,14,
a365db9b-1305-4808-97f6-e9570d116cbd,Company 119,2018-06-28 18:16:27 UTC,0,
cc0d3639-fe3b-4e2c-9382-e847d6fdc6b4,Company 119,2018-06-18 17:26:05 UTC,0,
5ef26be3-138c-4865-82c3-6e60de150ea8,Company 119,2018-06-13 20:16:12 UTC,0,
48d173ef-7081-4293-8755-3beea77944cc,Company 120,2018-10-03 17:34:43 UTC,1,
03a7c48b-191c-49d9-af6c-743cf07962b7,Company 121,2018-05-01 14:46:34 UTC,0,
bfb3fc68-77ae-4b24-bab5-674f5651ab5f,Company 121,2018-04-23 20:11:35 UTC,0,
7f095579-9f33-4bca-b57c-cbb7f3e07055,Company 121,2018-03-29 19:41:18 UTC,0,
57b1f9b5-7002-42dd-b807-3aa99eedd8be,Company 122,2018-06-25 18:23:51 UTC,0,
f22c8469-911d-49bf-b611-047d4d67184d,Company 123,2018-06-05 12:15:44 UTC,0,
05327913-9727-46b2-b98e-607b28436685,Company 124,2018-06-14 14:47:32 UTC,0,
a7ca5859-91d8-4a64-bf77-59d97733f5f4,Company 125,2019-01-15 18:58:41 UTC,0,Google Search
97590faa-191e-4b62-ae92-00271907c3f7,Company 126,2018-12-21 18:22:27 UTC,0,Partner Site
c7a5d85c-ca5b-48fb-86fc-4da775b46ca8,Company 127,2018-11-08 21:09:09 UTC,0,Referral / Word of Mouth
97ead5b9-2bc2-403d-b46f-8b919653659f,Company 128,2018-07-10 18:04:59 UTC,0,
02505f9f-3783-4303-ac65-38d32688a9c5,Company 129,2019-01-18 09:41:26 UTC,0,LinkedIn
4ae21cc1-9677-4980-9342-ccd2f703272f,Company 130,2018-09-26 17:17:16 UTC,0,Referral / Word of Mouth
5b23fb51-e772-4e1c-812f-4fdf8c1aa4f1,Company 131,2018-09-26 15:12:19 UTC,1,Referral / Word of Mouth
3e939adc-7a7e-4057-9a86-e94aed732ee8,Company 132,2018-09-18 02:06:59 UTC,0,Google Search
cf1c7c40-a455-4432-9f0c-fc54520d8480,Company 133,2018-05-17 13:46:52 UTC,2,
9d19c783-ad15-4011-8a45-38a1f8d39508,Company 134,2018-03-05 18:03:53 UTC,1,
61450ee1-f67e-4e7f-b72e-a7f8f9463b15,Company 135,2018-12-12 20:01:15 UTC,1,Past Client
b9faf260-db73-4702-af77-a7a4ab8abf1a,Company 136,2018-09-05 19:09:35 UTC,0,Referral / Word of Mouth
a94a1933-d432-4d9c-a298-7e65a02c8712,Company 137,2018-08-08 16:58:09 UTC,0,
edb3933e-f98b-46d0-aa55-b22edf048a73,Company 138,2018-04-03 19:06:17 UTC,0,
a41c8640-43c8-4619-a9fc-76e1dc6b12d1,Company 139,2018-09-04 17:40:54 UTC,1,Google Search
158391ec-729a-4dfb-912a-4ac751a77141,Company 140,2018-08-06 19:45:40 UTC,0,
4c2d3fc8-cfe7-4ec2-bdff-d9aabb97f42c,Company 141,2019-01-08 16:09:38 UTC,0,Event
eb0de551-2e5f-4c99-b6db-c5336934e350,Company 142,2018-11-26 19:14:33 UTC,0,Referral / Word of Mouth
8f28b265-a617-4ab4-b6e4-3a85d8fae3ce,Company 143,2018-01-19 17:42:08 UTC,0,
07b53426-ee7c-4653-8a3b-4489108edbaf,Company 144,2018-05-26 02:56:53 UTC,1,
425c73fd-59a5-4adb-a4fc-62fd02932a9a,Company 145,2018-04-12 18:37:30 UTC,1,
58dc62f7-64e3-4e3e-a878-65c14d4ff396,Company 146,2019-01-16 01:21:25 UTC,2,Referral / Word of Mouth
7af8e8a6-ceec-4446-b21e-8b4a0b31375d,Company 147,2018-03-23 20:05:41 UTC,1,
55240e34-c090-47be-a2c2-b91bcf4c8c48,Company 148,2018-02-14 20:56:49 UTC,0,
eddab0c9-f7a6-4b30-83da-d58e0c68b82b,Company 149,2018-01-05 02:22:27 UTC,0,
f5ea5706-1ce2-4641-b527-f3ec416c7d3e,Company 150,2018-05-08 22:32:55 UTC,0,
1321bc8e-954e-45c8-8b6f-0d940ce0ce0a,Company 151,2019-01-25 20:43:52 UTC,0,
85915e55-6dc8-4350-bf4e-d80c963a3075,Company 152,2018-12-07 15:40:37 UTC,1,Google Search
febd383c-bb91-493c-80b6-28d4660344e7,Company 153,2018-05-08 14:47:53 UTC,0,
436e1819-9377-402c-858f-29607cfac073,Company 154,2018-03-12 20:17:54 UTC,0,
325ea25f-5cb2-4a23-a280-9866396f7b2d,Company 155,2018-08-27 19:20:10 UTC,0,Referral / Word of Mouth
a65703e4-c596-40bf-9c70-58007b8bbd60,Company 156,2018-01-17 17:19:51 UTC,0,
f3b9b146-79ef-4746-b8c1-04d1272f4134,Company 157,2018-11-15 17:51:18 UTC,0,Referral / Word of Mouth
48a56ea7-5453-4da5-a742-39000f6ef52e,Company 158,2018-03-16 16:41:21 UTC,2,
f2c2764b-079e-4cba-9a3f-0dcd7b51f2ef,Company 159,2018-01-11 19:05:29 UTC,0,
ec18283b-2ac9-4be4-89d2-aeefe0c146a2,Company 160,2018-06-11 14:14:50 UTC,1,
e6d0c629-4500-4a91-a9eb-6472e146b033,Company 161,2018-11-03 18:28:29 UTC,1,Media
bec371ce-43cc-4d69-bcee-039f61c6aae9,Company 162,2018-01-04 15:48:12 UTC,1,
2757f56d-71b1-4a32-b8c7-d3bb06fcfb4a,Company 163,2018-11-07 19:43:44 UTC,0,Google Search
a916c291-5f94-47a3-ba57-10ed6bf916ff,Company 164,2018-02-09 21:38:42 UTC,0,
3c0cf71d-f0ad-42c6-b4f9-3e0401574363,Company 165,2018-08-02 18:11:22 UTC,0,
4879d118-a210-43be-8927-83a0e4c5b372,Company 166,2018-04-25 15:00:26 UTC,0,
b9cb68d6-935a-4034-be25-727c4c1c3293,Company 167,2018-11-08 14:49:22 UTC,0,
147f8ef1-5ed9-4fa1-a324-d9766fd7adf0,Company 168,2018-05-29 19:29:31 UTC,1,
fe751565-2cb8-40fb-b393-366693185930,Company 169,2018-09-12 20:54:59 UTC,0,LinkedIn
c557d253-7183-4696-83b9-d4fb2f51cf41,Company 170,2018-08-30 14:32:42 UTC,0,Referral / Word of Mouth
de90cea0-269f-44f2-a38f-045cccd5721f,Company 171,2018-02-13 00:08:06 UTC,3,
157346a8-a3be-4739-a99c-7e8947d27311,Company 172,2018-05-22 18:42:38 UTC,2,
007563a0-bf2e-4244-bc63-28c248788cb5,Company 173,2018-09-13 17:56:27 UTC,1,Google Search
1aeea6c7-32ea-4f77-9991-df053fd203a5,Company 174,2018-06-25 22:58:46 UTC,1,
af497fc6-288f-4ad9-9e9e-c69a54ba373a,Company 175,2018-01-09 17:59:05 UTC,0,
5f89bcf1-a81a-4ddb-bcee-4461e178b52b,Company 176,2018-03-07 19:51:13 UTC,1,
f1844602-4ab8-45c5-af14-d32b7614aeab,Company 177,2018-05-17 19:44:16 UTC,0,
de01c6ea-9151-436c-a7be-238258b592b3,Company 178,2018-04-02 19:40:07 UTC,0,
9387a7f4-01cb-48d2-9b60-2975a32be47f,Company 179,2018-04-24 17:36:01 UTC,1,
a58b9ff3-392a-4af9-9f41-95fe923a7a39,Company 180,2018-10-17 16:47:55 UTC,0,SHRM
f399c4fd-0b89-45d0-b327-43336cc502ae,Company 181,2018-11-09 19:38:44 UTC,0,Referral / Word of Mouth
5657b358-5601-42a1-9dc1-5ad293780233,Company 182,2018-04-10 12:14:36 UTC,1,
946e3a0b-e79a-4f27-a6f6-e368667ca93b,Company 183,2018-01-09 15:40:31 UTC,1,
6b78bede-7832-45b7-ae40-b38fba5f98c9,Company 184,2018-08-23 17:02:25 UTC,0,Referral / Word of Mouth
14dc203b-5178-4d12-b02c-8a67e18ed204,Company 185,2018-07-31 19:57:15 UTC,1,
793bda0f-b957-4f67-8b7e-18dbda1531ba,Company 186,2019-01-11 18:43:39 UTC,0,Past Client
19bfd571-8b6e-4055-8996-695bcb4be59a,Company 187,2019-01-25 12:11:55 UTC,1,Referral / Word of Mouth
467dbafd-3ccd-46f8-887d-125a152a8e3e,Company 188,2018-05-31 04:25:03 UTC,0,
f8c4c776-55b5-4096-bd46-3cab3022dab4,Company 189,2018-10-24 18:43:24 UTC,0,Past Client
d064f060-6067-4e38-8abc-babdfe093428,Company 190,2018-01-12 00:38:41 UTC,0,
1214f8c2-bfbc-4b71-b144-c750311483b8,Company 191,2019-01-30 19:17:21 UTC,0,Referral / Word of Mouth
87df4388-aadc-4e5f-9735-8d3ecabeeb60,Company 192,2018-02-14 19:03:31 UTC,21,
8ea9cfc1-3bef-439e-9524-7deb813a9ae9,Company 193,2018-09-04 13:56:18 UTC,1,Google Search
00b97afb-bd8b-49f9-9314-6dd7d84c49c1,Company 194,2019-01-09 19:28:41 UTC,1,
03b234eb-0b69-4caa-a457-5597c892ae1a,Company 195,2018-08-17 19:51:22 UTC,1,Google Search
9ce78809-5c1b-41c1-8156-5c5459b1900b,Company 196,2018-11-08 20:47:20 UTC,1,Referral / Word of Mouth
a18ffbce-b02d-4dad-b8c2-d81ea60133c2,Company 197,2018-06-08 16:21:13 UTC,0,
172eeb81-7c43-4f37-b036-b7e4f475d982,Company 198,2018-05-30 16:51:23 UTC,1,
339c7d50-18eb-4df5-af4a-4ced9e771e73,Company 199,2018-08-01 19:42:43 UTC,0,
254f5f29-8df3-43cd-b70b-53ee1c63f670,Company 200,2018-08-06 20:56:03 UTC,0,
6348b3bc-928e-4d15-ae30-36fd1c0cd235,Company 201,2018-01-10 21:35:10 UTC,1,
6def0127-65be-411e-b43a-d09f0235a8d3,Company 202,2018-07-23 18:23:36 UTC,0,
c2201c3f-1ed7-490e-bd3c-aacf62db2522,Company 203,2018-12-05 17:05:16 UTC,1,SHRM
a7d133e7-4dc2-4330-bcb8-6f1dc465a798,Company 204,2018-09-25 22:50:05 UTC,2,LinkedIn
37272b1f-b263-4a3f-92c0-da4e888dacc0,Company 205,2018-03-15 18:26:07 UTC,0,
657f2a63-5dba-4905-94f5-e72fbc5570d3,Company 206,2018-06-18 19:06:55 UTC,2,
ea56c01c-84e0-4dc9-9b96-4d9e1b85b106,Company 207,2018-06-04 19:34:18 UTC,10,
997d89be-49f4-4cb3-a685-4c69639e8a9b,Company 208,2018-06-06 15:03:15 UTC,1,
09a476a7-cfe2-4547-b350-1001cfd7ba41,Company 209,2018-11-08 06:08:45 UTC,0,Google Search
d0534ae3-48b3-4337-b794-a04d88c729c6,Company 210,2018-08-24 01:31:31 UTC,1,Referral / Word of Mouth
55ef11ea-b657-470f-8c6b-7b38e9703281,Company 211,2018-02-27 19:44:09 UTC,1,
4f4809ca-3452-4311-adb6-70885d1b2f5e,Company 212,2018-01-21 05:56:46 UTC,1,
7703c968-37f1-4dd4-9fd0-623d4276e4d5,Company 213,2018-04-23 15:26:55 UTC,1,
90f2bf0e-6967-4b37-ba1e-19e8da488987,Company 214,2018-08-03 13:23:06 UTC,1,
251e6086-443b-42bf-9440-32e12ee703e0,Company 215,2018-05-21 13:50:40 UTC,0,
45315532-1ad0-4284-8094-afa13cf402ff,Company 216,2018-06-19 20:25:25 UTC,2,
1fce0e07-9007-467a-a4a7-abee86ad0e2f,Company 217,2018-10-22 18:30:25 UTC,0,Referral / Word of Mouth
394d4673-9dae-4fd8-8b1d-2ef7ed526789,Company 218,2018-11-14 17:38:09 UTC,2,Event
75063531-f5fe-4f87-9583-61a9040c1fb8,Company 219,2019-01-23 17:45:17 UTC,1,Google Search
901acbcf-2cdc-490c-a0cd-63f5347ef916,Company 220,2019-01-22 18:33:46 UTC,0,Google Search
20481bf9-0722-4afc-afce-3307be4bf666,Company 221,2018-01-30 19:25:17 UTC,0,Referral / Word of Mouth
d710aecd-7d3e-487d-834f-2d50ba11a13b,Company 222,2018-04-25 15:50:50 UTC,1,
e9948c41-5a7f-4452-b01b-8a7ed5a4bf26,Company 223,2019-01-15 16:44:12 UTC,0,Media
a1639a6e-f6ae-4344-b7a3-a83746d69741,Company 224,2018-04-30 20:16:30 UTC,1,
564b6798-7656-4452-a091-790c249e4501,Company 225,2018-03-29 13:20:52 UTC,1,
fe71f35b-9b9e-48da-8cce-00fe91d609e7,Company 226,2018-05-30 20:48:32 UTC,5,
40520132-a406-498d-b080-b1b8161b74e3,Company 227,2018-03-01 19:01:02 UTC,1,
887bae76-854f-468d-b915-98e243cd95df,Company 228,2018-09-14 16:47:33 UTC,2,Google Search
4ce9fcae-35fa-4dde-8077-15755c5c7538,Company 229,2018-04-06 16:52:27 UTC,1,
b7d3f8cc-f847-430f-a7ef-a6c93a5fb262,Company 230,2018-01-03 15:07:02 UTC,0,
cd09c473-8438-44d5-8f64-4a1afb7916cb,Company 231,2018-09-12 17:39:55 UTC,1,Referral / Word of Mouth
a5868ba1-7ed3-4826-b9e2-2df8c4eac322,Company 232,2018-04-05 16:53:04 UTC,0,
f1c51a8e-9e0f-40e3-a98e-20690e607b38,Company 233,2018-08-23 13:45:37 UTC,1,
dc763766-2012-441f-94f4-b78b802cabce,Company 234,2019-01-11 16:39:50 UTC,1,Google Search
28945543-5589-47d8-bea6-4256ee0a66f9,Company 235,2018-08-23 15:07:17 UTC,1,Google Search
61f15d3c-f5e9-42ec-8d9d-1207760cea55,Company 236,2018-05-02 20:50:36 UTC,1,
b72b63b4-26f6-4040-95f7-93ff7de26ef7,Company 237,2018-10-10 14:25:29 UTC,0,Google Search
f2b720ce-664e-4da8-8e2c-58ac4db4ed88,Company 238,2018-09-05 21:54:04 UTC,0,Google Search
11731f39-fc95-4bc3-b457-d941cf9dca83,Company 239,2018-09-05 21:52:06 UTC,0,Google Search
babf9aa0-e5e4-460a-bf29-209672171091,Company 240,2018-09-05 21:49:58 UTC,0,Google Search
e6dcc333-533d-4afd-aacc-b222873e33f9,Company 241,2018-09-05 21:45:20 UTC,0,Google Search
7a9b81ad-7b49-4ae0-b6d3-4b60d4a83858,Company 242,2018-03-06 18:26:18 UTC,0,
733c846c-ad4f-43fa-9941-8587065234dc,Company 243,2018-04-16 16:55:01 UTC,1,
27143f8d-8ce1-4392-95fc-df22159d0e53,Company 244,2019-01-28 17:51:25 UTC,0,Past Client
f0ecd91d-0892-4766-a4f3-406ca5795faa,Company 245,2018-08-15 17:01:03 UTC,1,
40381e42-4746-4071-8094-23b565bd888c,Company 246,2018-10-03 13:43:06 UTC,0,Google Search
854a8e05-f00e-40d3-8446-d62bae8ba91b,Company 247,2018-08-16 14:38:20 UTC,1,
a37391c3-113e-438d-a8cf-672a634d931f,Company 248,2018-07-18 13:55:07 UTC,0,
38a760a3-523e-4b8d-9dc5-8702cfa0680c,Company 249,2018-04-10 16:49:22 UTC,0,
7d63d535-8434-4354-a126-6478b5ca24a0,Company 250,2018-09-06 13:14:41 UTC,0,Referral / Word of Mouth
dadf5953-b293-438c-8268-33b5fdf99026,Company 251,2018-09-18 21:27:43 UTC,0,Facebook
21b3a31e-6fe0-44fa-b800-6f21e1b9d7d0,Company 252,2018-09-06 15:05:58 UTC,1,Google Search
9e9bb0cb-c8af-4e48-88a9-ab73d162bb42,Company 253,2018-05-23 15:05:29 UTC,0,
a9e350d3-c917-4e84-9d4c-7dfcd893df61,Company 254,2018-01-29 19:33:12 UTC,0,
4f4aa431-b9d4-41fc-ad83-df2f59b64b8d,Company 255,2018-12-13 17:25:40 UTC,1,Referral / Word of Mouth
e36123ea-81eb-4b32-93da-82340cfe13ec,Company 256,2018-04-24 13:20:35 UTC,1,
19e57bb7-8189-42e6-9bdc-8f8756d16698,Company 257,2018-03-02 14:58:09 UTC,0,
bfeab4aa-1120-4051-8e0c-3227983efce0,Company 258,2018-07-26 16:47:56 UTC,1,
5d6d99f2-aca2-4aaa-ab83-81e317d8bb99,Company 259,2018-03-08 20:32:51 UTC,0,
63165d6e-a091-4f04-914c-05f0b4034a65,Company 260,2018-08-20 16:45:18 UTC,1,Referral / Word of Mouth
15788e09-f178-4617-985a-cd50784c1ba2,Company 261,2018-06-27 15:37:47 UTC,0,
9423feda-59b8-4c23-b9f6-59f8de10598f,Company 262,2018-08-22 21:32:08 UTC,1,Referral / Word of Mouth
4742bdaa-34f5-4b21-ac1a-b4d278d4048b,Company 263,2018-11-28 22:04:58 UTC,5,Google Search
d6eef01d-6b7e-4922-b258-5b4fc658dfc6,Company 264,2018-08-21 20:14:11 UTC,1,Google Search
31509482-3e07-4c16-b3ef-a1cddf3f8d97,Company 265,2018-07-07 01:53:57 UTC,1,
79ed1280-c12f-4986-adc7-8e3899e0821f,Company 266,2018-11-19 15:53:38 UTC,0,Referral / Word of Mouth
fa78efe6-0190-45b1-b18a-5ddfeb996bac,Company 267,2019-01-22 22:59:32 UTC,0,Google Search
4a0ca63b-5ede-4ca7-84bc-2d36438d9fcc,Company 268,2018-10-30 18:34:35 UTC,1,LinkedIn
2b9077a4-afc8-40ad-affb-73785a54034c,Company 269,2018-10-29 20:45:23 UTC,3,Referral / Word of Mouth
589996bb-556a-4581-8ae0-8b8a522ecc9e,Company 270,2018-03-12 15:26:01 UTC,9,
59990a0d-efa4-44be-bfd6-b9d04e4d3d2d,Company 271,2018-07-16 12:17:38 UTC,1,
8d10adb3-c61e-465c-a23e-cfbf92316734,Company 272,2018-02-27 19:05:15 UTC,0,
0b502e1d-e6eb-4e07-95da-12a6ddc4965f,Company 273,2018-05-14 23:36:50 UTC,0,
5435a706-b81b-486b-b86e-128658ec92c6,Company 274,2018-04-02 17:34:52 UTC,1,
0a403aad-4a3a-4dd7-bb75-d23783d3e6e1,Company 275,2018-12-06 23:36:34 UTC,1,Referral / Word of Mouth
45282198-fb68-4f62-8016-16625c91fa3d,Company 276,2019-01-15 15:27:24 UTC,0,Google Search
08a9253a-e439-49f0-a640-1a739cf8200e,Company 277,2018-01-31 21:20:51 UTC,4,
c6b65457-00a5-458a-a57f-e73b275186aa,Company 278,2018-02-02 20:18:58 UTC,1,
d3c12a36-3dd4-43b3-b7a3-301b1a62b6a6,Company 279,2018-06-05 21:00:37 UTC,1,
b3eafdd6-9c38-4baf-a773-6208dfb20aba,Company 280,2018-12-07 16:20:49 UTC,1,Google Search
f5f7568d-eb68-4c70-8a44-d381ce659b43,Company 281,2018-06-07 20:59:17 UTC,1,
6c82637b-c5f8-4a42-8cb8-002691f78352,Company 282,2018-03-27 19:27:08 UTC,1,
d995e46a-0aec-40eb-a1c2-ef220ef10fd1,Company 283,2018-11-19 20:54:06 UTC,0,Referral / Word of Mouth
2345fffb-72ff-4843-bc2c-c2e3744fdb66,Company 284,2018-11-19 19:39:09 UTC,0,SHRM
8a7c8fcd-0435-46c0-a1ac-144b002a4b8b,Company 285,2018-11-08 21:12:50 UTC,0,SHRM
d6782452-cd1b-43a1-9ff6-8a4d54b1f6f5,Company 286,2018-09-28 12:05:12 UTC,0,Google Search
4d01d93a-2169-4ca1-9ce8-c8583372ba53,Company 287,2018-09-27 15:35:47 UTC,0,Google Search
f961db27-73c0-48b5-ae67-fb768120b543,Company 288,2018-06-11 13:36:01 UTC,1,
894b530a-01a7-4146-9953-b0ab0ba93ffa,Company 289,2018-10-19 17:06:16 UTC,0,Media
aeb673d9-b31c-4220-acc3-5d76b4e8758b,Company 290,2018-01-15 15:16:25 UTC,19,
839ef612-a5cc-4be1-887c-c8a92e2beb65,Company 291,2019-01-16 20:15:22 UTC,0,Google Search
b861162a-d0d3-4444-8d86-060998e552c3,Company 292,2019-01-10 17:25:24 UTC,0,
2635ade0-2b0e-436e-90b9-124fcc1e070a,Company 293,2019-01-02 16:44:43 UTC,1,Onward to Opportunity
7cd7080f-6c55-4b1a-88c0-fc96ab377930,Company 294,2019-01-29 20:22:04 UTC,1,Google Search
f83ff9db-669f-46f7-b874-d5b46659b461,Company 295,2018-03-02 00:06:50 UTC,0,
9321a339-0f41-4f19-bab9-bb0f077d1080,Company 296,2018-09-14 20:28:49 UTC,0,LinkedIn
c713a4d6-6957-46c6-8182-234dacd33d91,Company 297,2018-05-19 17:33:06 UTC,0,
78d1244f-ba09-4374-93db-bb49405ae380,Company 298,2018-08-19 16:22:29 UTC,2,Google Search
6590f0e5-5a42-429b-9b07-5dfbf52caef8,Company 299,2018-01-30 18:58:28 UTC,0,
d2e56796-de9f-4d69-b004-06559daa3f1f,Company 300,2018-06-06 00:23:37 UTC,1,
d39cbfc9-86b2-4d0b-88f9-2defadef8f9d,Company 301,2018-09-13 17:42:01 UTC,0,Referral / Word of Mouth
31ce1421-d394-49b8-97c3-21c376123d62,Company 302,2018-05-23 14:05:23 UTC,0,
52be3129-53d1-403a-8544-b61a274d78d5,Company 303,2018-06-07 17:03:10 UTC,1,
41a78aa6-dde3-403a-84ee-1da8db40c034,Company 304,2018-05-25 19:23:59 UTC,0,
e1b0cb6a-63ef-4f5f-9030-43b3e86da940,Company 305,2018-12-13 18:54:18 UTC,0,
7aff2c16-0782-4d2e-bfa0-3881c8f8ee60,Company 305,2018-12-13 18:07:08 UTC,5,Event
b2b90e55-a013-4f76-bb02-6e9e46b333ab,Company 306,2018-04-04 14:30:27 UTC,2,Partner Site
41f4100f-005d-4fbe-bb50-0a6a7f859f1d,Company 307,2018-05-14 16:00:51 UTC,0,
014de526-2732-45b7-b0e4-1d289fb1710e,Company 308,2018-09-20 14:34:08 UTC,5,Past Client
d2bfe0c8-9415-4195-990e-763535436551,Company 309,2018-12-06 20:14:00 UTC,1,
bfd58b64-f573-469a-831a-c91ad8fec43f,Company 310,2018-12-06 19:06:38 UTC,1,Google Search
201cc2b9-730c-4a45-b3b7-faa6aa1811b7,Company 311,2018-03-13 22:35:27 UTC,1,
78d77c01-fb26-4d43-9d63-a4c05abfb504,Company 312,2019-01-19 16:53:31 UTC,0,Referral / Word of Mouth
e2d05962-6f7e-4f6c-93e4-cd46672207e4,Company 313,2018-09-18 21:52:27 UTC,0,LinkedIn
6b48ad5e-d845-4e5a-b185-db9e9a401636,Company 314,2018-05-17 13:41:33 UTC,1,
3eb1afa1-33f4-49d4-b8c1-74d1d20eb56f,Company 314,2018-04-04 20:22:27 UTC,1,
cbb9965d-2f47-42be-b419-63bc74aa059e,Company 314,2018-03-21 20:55:08 UTC,1,
6339ce8c-ffa4-4fbe-950a-870489af8540,Company 314,2018-01-02 15:55:09 UTC,1,
827cfd91-c127-4b77-8343-949f68acb01d,Company 315,2018-05-08 20:23:12 UTC,4,
4a48fdf8-a8ea-4fd7-aa71-5fd1ebfa7a04,Company 316,2018-10-01 15:14:50 UTC,0,Past Client
0e0f7d64-992d-4952-a4de-617f12cad8d1,Company 317,2018-11-19 18:17:04 UTC,0,Google Search
7492876c-edd9-4515-b17b-8215cabf13ff,Company 318,2019-01-09 16:13:37 UTC,0,LinkedIn
b02d4ee7-6605-4b10-80ae-f8bf8ed4d1f1,Company 319,2018-01-12 22:39:41 UTC,1,
fbe5cda5-add0-481d-84f6-ba142aa46979,Company 320,2018-11-02 19:43:53 UTC,0,LinkedIn
4c5bddf0-d4e0-4d23-8dc4-90765f5c19a0,Company 321,2018-05-18 12:05:55 UTC,1,
098b823f-8124-4d4b-b443-4ee33bf13dc8,Company 322,2018-07-03 16:25:52 UTC,0,
aa7c3041-e8a3-43e6-9f4d-14b2f814ca85,Company 323,2018-03-19 12:58:46 UTC,0,
4261a548-ab32-4d4e-b335-856d6da9b7d3,Company 324,2018-05-20 22:56:01 UTC,0,
2b5f61c3-ffb2-4f8c-b56d-a7cdc325c78c,Company 325,2018-08-08 17:03:31 UTC,0,
90942754-6996-46ee-b373-8953c10ec347,Company 326,2018-05-11 00:30:39 UTC,1,
e9fd4025-30e4-4096-a062-feb30ba92771,Company 327,2018-09-05 19:20:55 UTC,1,Google Search
d55f89ee-8b8d-4e49-b7d4-654f687387da,Company 328,2018-03-16 16:19:45 UTC,1,
cb577811-46b8-4329-80e8-993b07673db9,Company 329,2018-07-18 16:14:14 UTC,0,
6ee67022-5062-4b4b-ad98-3c543e4c3217,Company 330,2018-08-21 18:19:17 UTC,0,Facebook
25d37f00-fc97-40a7-ae80-c847783b8fcb,Company 331,2018-02-01 18:18:01 UTC,1,
9f8ca300-41e3-492a-a6f5-b96ce6413cef,Company 332,2018-07-25 20:04:03 UTC,2,
64390530-54d4-4b99-b8d8-519f7bb9177c,Company 333,2018-08-27 20:57:39 UTC,1,Google Search
f727f87f-26ac-451d-82aa-b577a36b78d5,Company 334,2018-05-03 21:03:26 UTC,1,
ff9e38f2-8201-47b9-b064-7e05e5d32c78,Company 335,2018-06-19 15:47:25 UTC,6,
eb185dd4-0ffd-4aac-a54b-d00d12f7fd0a,Company 336,2018-10-18 21:39:13 UTC,0,Google Search
10fdb29f-620b-4877-88e3-060df6ff241b,Company 337,2018-07-16 16:28:35 UTC,0,
de88510b-3445-4323-a57c-78b6b5c4ab32,Company 338,2018-04-18 17:33:31 UTC,0,
19fa3752-adbb-4f31-a5c4-5523d18fe0cb,Company 339,2018-08-21 20:05:24 UTC,0,Partner Site
c6bf6170-a2b8-4e72-8331-4b475d506edf,Company 339,2018-08-17 13:41:34 UTC,0,
916630ce-41ac-4086-b863-ac19925de806,Company 339,2018-08-15 19:11:28 UTC,0,
d8552ca4-7c7b-4ab2-8a28-692242631d5e,Company 339,2018-08-15 12:42:30 UTC,0,
799e2a8f-d3c3-4a17-aef2-b6c241c3edfa,Company 339,2018-08-14 20:33:38 UTC,0,
9a9a8360-185e-4e1b-82dd-a65d073e22b5,Company 339,2018-08-14 16:16:36 UTC,0,
00bd3f91-3cec-4c23-af73-650aa73a7a6a,Company 339,2018-08-14 15:32:48 UTC,0,
bce7df8b-ac61-424c-8e45-eb9a99b77a19,Company 339,2018-08-14 14:58:49 UTC,0,
d2f0d93f-d6be-4cc1-92f6-5538d3a88a3c,Company 339,2018-08-14 13:44:59 UTC,0,
ed4c9bc4-1aac-433c-a19f-042bbfaf688b,Company 339,2018-08-14 13:43:59 UTC,0,
93895d47-782e-47a8-975c-e304cc51e8ea,Company 339,2018-08-14 12:45:47 UTC,0,
0293ab3c-78ae-4d6a-a060-aace62b39d4f,Company 339,2018-08-14 12:37:10 UTC,0,
68b5694e-1889-4083-8baa-bbb71b1bafe5,Company 339,2018-08-14 12:25:55 UTC,0,
4b1a1b96-db27-404c-b641-0c6261de00d2,Company 339,2018-08-14 12:21:19 UTC,0,
6dd4574f-d4b3-45a4-9aa4-db1f6b092161,Company 339,2018-08-14 12:18:08 UTC,0,
7cfbe71e-2b78-4801-9c2f-c499ea8d39e3,Company 339,2018-08-14 11:24:52 UTC,0,
b3d9aa73-8325-468b-90db-a7fa170de61e,Company 339,2018-08-13 21:59:47 UTC,0,
af5c7a3c-0d18-4bcc-a1aa-2b4985547293,Company 339,2018-08-13 21:58:06 UTC,0,
d09db68a-b48f-499a-b73a-95a9c0aa72ca,Company 339,2018-08-13 18:47:09 UTC,0,
923b6e36-9a66-4efb-9a81-362f2319f5ea,Company 339,2018-08-14 17:06:38 UTC,0,
eda64086-68dd-42c4-b0ff-e24f093de1d9,Company 339,2018-08-14 15:48:26 UTC,0,
a55487a2-503f-49b7-86c6-bc43a11e3175,Company 339,2018-08-07 18:05:43 UTC,6048,
d4441ae1-780d-4074-b707-4952ee5e65df,Company 340,2018-03-19 19:56:19 UTC,0,
3cc50a76-8774-418c-beca-046bb12fd5ac,Company 341,2018-08-14 18:45:04 UTC,0,
2ddfaf63-168a-400a-a7e9-26ecd9088d6c,Company 342,2019-01-30 13:53:14 UTC,0,Google Search
54a0804f-7092-4b49-9d02-311ccacaa5d0,Company 343,2018-09-06 15:44:31 UTC,1,Referral / Word of Mouth
588260e3-9337-4d3f-8267-f0b1cb307ff1,Company 344,2018-09-21 14:09:50 UTC,15,Onward to Opportunity
e6449b57-a421-43d8-b929-180f24d1fe99,Company 345,2018-12-06 17:12:51 UTC,1,
9a4bfbdc-1b2f-404b-b626-5584c15548d7,Company 346,2018-10-22 13:00:39 UTC,0,Google Search
5c6f179f-398d-405d-a45b-bcef935a8acb,Company 347,2018-04-17 21:32:14 UTC,0,
02b2fba0-38dc-43e5-b237-150331c43266,Company 348,2018-05-17 19:56:23 UTC,2,
73ab303c-6d57-4414-a897-391691288b1c,Company 349,2018-04-19 22:16:40 UTC,0,
a0d68560-9035-4761-8c8f-6998784aba6c,Company 350,2018-04-11 15:44:26 UTC,0,
c1e9f30a-ce5b-4b9f-8bba-019edf327831,Company 351,2018-12-06 21:58:50 UTC,1,Referral / Word of Mouth
92e6359b-816e-42df-976f-7f4ff08f34e2,Company 352,2018-03-07 15:21:47 UTC,0,
261bce18-a23f-4d31-8f0b-4d21b1cb818b,Company 353,2018-07-30 20:20:37 UTC,1,
463a0904-7b7a-457d-ab2b-52caf02ed3f1,Company 354,2018-10-25 21:25:37 UTC,1,Media
7a57f318-b921-4a95-ae8a-5b346549e4d4,Company 355,2018-10-29 17:40:21 UTC,0,
da697f11-f67e-455f-9aa6-63298985f249,Company 356,2018-10-02 18:24:11 UTC,1,Onward to Opportunity
301523a3-f4e1-4202-bcdf-9674cca712d6,Company 357,2018-06-21 23:13:42 UTC,0,
54002c51-3b2c-4e09-9502-6d5015688be0,Company 358,2019-01-14 23:04:08 UTC,1,Past Client
78cfe40b-b2d0-479f-9adb-96b2474ff3c9,Company 359,2018-02-09 00:44:45 UTC,6,
76babae4-9973-47ca-8f4a-7cb53cb5e3d6,Company 360,2018-11-14 22:56:50 UTC,1,Google Search
f1056121-1630-4dc2-8f6a-b171b8ae0234,Company 361,2018-08-28 16:13:56 UTC,1,Google Search
4f79d29a-39a6-4fa4-a816-50ce5f1b36b7,Company 362,2018-08-26 16:23:01 UTC,2,Google Search
ee78bd8d-a93d-4cd7-b38c-42a816f32cca,Company 363,2018-03-14 20:17:20 UTC,0,
c68a2169-03bc-42e3-b719-1f3c779e9cce,Company 364,2018-03-27 13:27:39 UTC,0,
05d215d2-71ac-4fde-8849-c96112c55da9,Company 365,2018-10-03 20:09:45 UTC,0,SHRM
2edfe0af-cc31-41af-b0c9-f418d6fadb8d,Company 366,2018-05-30 10:25:44 UTC,0,
68dec5e1-07c2-406d-97d0-99276abf2733,Company 367,2018-11-13 22:06:57 UTC,0,Onward to Opportunity
88fcb73b-4d35-43b4-9a18-b025e53e7988,Company 368,2018-04-20 17:37:52 UTC,0,
59f59023-1545-49a1-9b2f-02c3b843fe2c,Company 369,2018-05-18 16:05:19 UTC,1,
454eb394-75a8-4c11-b070-e6063e17258e,Company 370,2019-01-15 19:47:10 UTC,0,Referral / Word of Mouth
9759b0c3-6e34-4c22-9324-72a4e079bfa1,Company 371,2018-10-08 22:23:04 UTC,0,
74183159-8647-40b3-ae6c-585f7cccccbc,Company 372,2019-01-22 02:51:08 UTC,0,Google Search
29ef16ff-7b80-46e1-a2ae-dcf7ffe5eea4,Company 373,2018-03-12 14:04:47 UTC,0,
d44894e0-0c65-42e5-b4ee-cd47d7f0e31e,Company 374,2018-06-06 16:32:36 UTC,0,
a5270574-3295-4e6c-b530-e86d6bfccdf7,Company 375,2018-09-12 14:57:54 UTC,0,Referral / Word of Mouth
dcc3fde6-af7a-43cf-84e9-332a96c7c654,Company 375,2018-09-17 19:55:22 UTC,0,Past Client
f8f7cdfe-0e22-4e6d-898a-b37c1d615c85,Company 375,2018-09-18 02:33:15 UTC,0,Partner Site
f3d0fd05-4975-4e5a-9690-d255d5aec5b6,Company 375,2018-09-17 19:19:42 UTC,0,Referral / Word of Mouth
7d7cac10-af82-4e9a-bb3c-24da36e60eca,Company 376,2018-02-27 16:21:49 UTC,0,
1978497d-9181-448d-83cf-6e0578640c3c,Company 377,2018-01-29 17:06:15 UTC,0,
465b62f0-86d9-49c7-84ff-ad753f3298ef,Company 378,2018-10-11 16:58:03 UTC,1653,Google Search
5999be79-37e8-45ea-a36b-d3a3c43335ad,Company 379,2018-01-15 18:18:35 UTC,0,
b4bf7e0b-c36f-41d8-835a-dde5c9c5e99e,Company 380,2018-06-11 14:29:08 UTC,0,
30e69fc3-13f2-4247-92e8-b6ca5610cd77,Company 381,2019-01-16 13:55:06 UTC,0,Referral / Word of Mouth
044e9265-159a-4bdb-8933-14508b43c8d3,Company 382,2018-11-28 20:18:20 UTC,1,Google Search
d45b2d4f-3ff8-45bb-90c7-13c9046b9e28,Company 383,2018-11-28 20:02:55 UTC,1,Referral / Word of Mouth
087e0199-06b8-4d52-9e36-fb92be59df55,Company 384,2019-01-08 14:52:40 UTC,0,Partner Site
3bd9084d-0d83-481f-acc7-bd41d40b1b45,Company 385,2018-08-30 13:12:43 UTC,1,LinkedIn
c935df72-d8b2-4c28-b402-49be3e2e43a2,Company 386,2018-07-17 16:21:43 UTC,0,
6b765ed0-c871-4198-9e87-94e2e801360d,Company 387,2018-04-16 17:06:09 UTC,0,
f4b92c30-6c3c-4f5d-9b26-3d0bf1aebfc9,Company 388,2019-01-21 14:35:26 UTC,0,Media
25dbcc7e-981c-4f0c-b303-87444a801c87,Company 389,2018-11-13 15:33:58 UTC,0,
37683793-a3d0-4503-ad98-a06db11dc674,Company 390,2018-08-24 18:36:52 UTC,0,
7e1c4e5c-e179-43f5-a641-61b73445fae0,Company 390,2018-08-24 18:35:37 UTC,0,
05cd3a18-71a7-45d9-bcd6-118fc2bcde99,Company 390,2018-08-24 18:34:28 UTC,0,
a7c1f3eb-12d7-42d8-8a2c-95409e63c2f0,Company 390,2018-08-24 18:32:57 UTC,0,Referral / Word of Mouth
66f436da-33bb-455c-b9d6-236404494e56,Company 390,2018-08-23 16:02:56 UTC,0,Google Search
7da5892c-0710-479e-bb8e-654488c46bf7,Company 391,2019-01-24 20:46:21 UTC,1,Past Client
fc89c0f3-2fef-4bc1-85f3-4148abfd30af,Company 392,2018-03-16 15:29:41 UTC,0,
272b8b85-7693-4e2c-9926-48a3d92ec414,Company 393,2018-11-07 00:10:51 UTC,1,Google Search
76be5783-1d1f-42b4-b16d-6b54a62f85ff,Company 394,2018-07-25 15:03:15 UTC,1,
80e53b37-150c-4e73-ab0d-d3ff19a7c88d,Company 395,2018-06-01 16:07:35 UTC,0,
260c4540-dcd9-4953-adb3-c6bc680e60aa,Company 396,2018-09-14 19:56:09 UTC,1,
017a50e3-6939-402e-b437-9e586da8be85,Company 396,2018-08-08 14:54:52 UTC,0,
92921a76-2dbd-4924-bd7c-36e25426f22c,Company 397,2018-06-12 17:07:01 UTC,0,
27d2561b-016d-43f6-ae45-c27a18c5ec7b,Company 398,2018-04-10 12:23:54 UTC,1,
f8660539-5402-465e-b435-9e0ce20b1501,Company 399,2018-04-20 13:15:13 UTC,1,
775e0af4-eb19-4647-b0f1-addbc3382e33,Company 400,2018-09-27 13:10:44 UTC,0,LinkedIn
13141a8e-c752-4f5a-8f3a-2e0e91035b17,Company 401,2018-01-18 16:58:19 UTC,1,
9485d182-4fd9-42a7-8ec9-a081df63fb15,Company 402,2018-08-27 12:53:32 UTC,0,Referral / Word of Mouth
2e443fd9-54b9-49be-a98e-7fde398de046,Company 403,2018-03-16 15:00:29 UTC,0,
a5093cf9-9fef-47ec-a5cd-03625cd1f75e,Company 404,2018-11-19 19:13:28 UTC,0,Google Search
f6a98e5f-8367-4c03-af9c-0d2ad1f60bd6,Company 405,2018-04-24 17:54:58 UTC,0,
3c33424c-b7b0-47b9-bacb-a74b54fcd14c,Company 405,2018-02-11 19:23:16 UTC,0,
bad59474-26cf-4492-86a4-20b908d99a7e,Company 406,2018-08-25 00:23:46 UTC,1,Referral / Word of Mouth
5df72db8-d686-4059-9def-6f5fe2ccc5a7,Company 407,2018-02-22 15:29:30 UTC,0,
acae3a4b-46d6-4325-812a-beddc782610f,Company 408,2018-04-05 15:22:34 UTC,22,
0cd3836c-4f58-4fc6-98dd-b0c716473546,Company 409,2018-10-15 18:11:33 UTC,0,Google Search
4dc6cff7-681d-44a9-a1ab-fced5431b880,Company 410,2018-05-02 22:49:00 UTC,1,
db4f03d7-a825-470e-aef3-2e599ae15d7a,Company 411,2018-04-02 20:49:27 UTC,0,
46d00c65-6680-4521-afd7-cfb0011dabd2,Company 412,2018-02-26 18:04:24 UTC,0,
ca3a1712-e3a7-4f3d-bff3-8a4a87e87d98,Company 413,2018-01-18 00:06:00 UTC,1,
41c36174-ec3c-41d1-86cc-188ae20e25f5,Company 414,2018-05-06 19:19:37 UTC,0,
d99086d3-3696-4897-bb5d-92f9d844b641,Company 415,2018-08-24 19:08:24 UTC,0,Partner Site
8a772b54-f09c-4f67-b445-6b5fc41b1cbe,Company 416,2018-01-29 21:12:43 UTC,1,
75f92874-779b-4bdf-888c-92defd54d978,Company 417,2018-10-18 15:22:20 UTC,1,LinkedIn
113cb697-e5bb-4f28-a53c-630cf931c394,Company 418,2018-06-01 20:45:07 UTC,0,
124ce265-5bbf-4a9f-bb6b-b6340bf758c1,Company 419,2018-05-08 13:00:53 UTC,1,
3b5a8917-f93a-456e-96dd-f9afb89d674c,Company 420,2018-04-16 21:48:25 UTC,1,
99a7099b-7a45-4a4c-a522-fe857b633761,Company 421,2018-01-30 21:54:01 UTC,0,
33f2baec-326e-4a57-a8c5-a307271e46f0,Company 422,2018-10-22 22:17:35 UTC,0,LinkedIn
b4354c42-5387-4daa-87d9-6d95230c8da7,Company 423,2018-02-23 16:32:35 UTC,0,
4a4a6836-f1af-42bc-b2ee-8965db4a421d,Company 424,2018-11-08 21:25:37 UTC,0,Partner Site
153a8e88-9221-4606-8b24-dd33225e4fe0,Company 425,2018-07-23 18:46:03 UTC,2,
668a2ee8-8ca1-4f94-ad42-63d4e10edca2,Company 426,2019-01-14 16:59:16 UTC,0,Google Search
ae3e8f0f-e114-4e68-9822-196627ba7192,Company 427,2018-05-24 21:48:04 UTC,0,
010b20ba-7df4-475a-b0e1-8969a767ccfd,Company 427,2018-05-14 15:01:00 UTC,2,
e08e0a01-4668-4f7e-99b8-1adbb31346f4,Company 428,2018-12-06 18:05:58 UTC,1,Partner Site
1cbb8456-6487-41fb-8940-65b4f8d0ccc5,Company 429,2018-12-17 21:04:42 UTC,0,Partner Site
51ce2a32-eea8-4e21-a340-eee2e1d7e0df,Company 430,2018-06-19 21:35:29 UTC,0,
ba110002-88dd-4543-84a1-433987a3806a,Company 430,2018-06-19 21:26:27 UTC,3,
bde752f9-054d-4503-86e2-a4c138bfde4d,Company 431,2018-06-06 22:04:35 UTC,0,
23b9029c-718b-4315-8203-5a61bdbac6d3,Company 432,2018-08-31 11:32:30 UTC,0,Past Client
7131ea1e-3941-4d46-bc6d-0ed7869e3dd4,Company 433,2018-08-22 21:04:35 UTC,1,Referral / Word of Mouth
648d2f7c-4fcb-4181-8c1c-7b4eadb8d007,Company 434,2018-04-10 15:07:39 UTC,2,
1719d340-bfd5-4c28-8992-1b2052b4d6d1,Company 435,2018-09-06 15:28:20 UTC,1,Google Search
63f7181f-c899-454d-9c1f-6f4946c3b6dd,Company 436,2018-09-18 03:51:50 UTC,0,Google Search
af8a1284-551a-4837-8b20-dac1cac3f247,Company 437,2018-02-07 19:40:12 UTC,1,
0e4dd495-9349-4200-959a-51c1d06e76f5,Company 438,2018-04-02 19:33:57 UTC,0,
cc39207c-7d1d-4433-9841-f27a305373c9,Company 439,2018-08-10 15:33:31 UTC,0,
678e78b9-3224-4ca9-8f22-15cee05a83cb,Company 440,2018-02-22 21:21:56 UTC,0,
d81a03b7-9a27-4256-90f0-c3fdfac626e0,Company 441,2018-10-05 20:21:00 UTC,1,LinkedIn
ed539df5-63cf-40c4-b2f0-fa37515e5f63,Company 442,2018-01-12 02:55:45 UTC,3,
b80144ab-fb1c-44e2-a5c7-78d138d2c9e6,Company 443,2018-04-29 16:54:20 UTC,0,
bafc37a0-6892-4af2-8442-8ae612ba2bec,Company 444,2018-06-26 19:19:09 UTC,0,
db5222ec-f5a1-419e-8f70-95404311142e,Company 445,2018-10-23 17:55:51 UTC,1,Google Search
6554bf27-7625-4028-8271-36f08cbebb1d,Company 446,2018-11-19 19:30:31 UTC,1,Google Search
c1294132-ed61-4c75-9fac-2dff108a900e,Company 446,2018-08-16 15:40:21 UTC,3,
517a7757-4871-437e-a017-aaafcd9b5857,Company 447,2018-11-08 17:47:01 UTC,1,Google Search
dfb10132-2009-470d-a05e-b4440d412458,Company 448,2019-01-08 22:39:45 UTC,0,
98a0f7c3-3c9b-40c4-884c-54d20f57cd7b,Company 449,2018-11-22 01:48:30 UTC,0,Referral / Word of Mouth
16e71295-8b6d-4d3b-b159-135f4f9ec669,Company 450,2018-05-07 14:52:25 UTC,0,
45140f02-8cf3-4925-9301-4779085eb898,Company 451,2018-03-15 14:34:24 UTC,1,
8bf26a1d-8682-46f6-afeb-5e2c43f5e40c,Company 452,2018-11-09 16:35:46 UTC,2,Partner Site
8fe60d10-7522-4c39-aace-82d68635a342,Company 453,2018-12-17 19:05:20 UTC,0,Referral / Word of Mouth
6977ea02-5882-4f06-9821-c6c514e8eaf9,Company 454,2018-09-25 19:01:36 UTC,0,LinkedIn
58af6d40-70c8-4abb-b757-16e3708ce1b3,Company 455,2019-01-17 23:01:42 UTC,1,Google Search
0b2edae9-f095-45f1-87b1-afdc45b80cb8,Company 456,2018-09-19 19:52:35 UTC,1,Onward to Opportunity
69092a13-7a48-47f1-9d9e-87f0b20f05ad,Company 457,2018-10-31 18:09:37 UTC,1,Referral / Word of Mouth
9d888d50-a2a8-4f91-aec8-69c532904219,Company 458,2018-08-16 20:32:37 UTC,0,
809061e7-9932-4099-95f1-57939770b650,Company 458,2018-08-16 20:29:44 UTC,0,
40da2e9b-17f9-49cd-89d8-6f31196eb685,Company 459,2019-01-24 20:54:03 UTC,0,Event
c5179202-8c79-4edc-83a9-9e94e3ff24d5,Company 460,2018-01-22 17:48:23 UTC,2,
156deead-5e05-4f71-beda-d72cae46b683,Company 461,2018-09-17 18:07:54 UTC,0,Google Search
3b4b4f33-0b8d-490f-81ec-9eb26c6eb7f3,Company 462,2018-02-28 16:29:51 UTC,0,
fee07008-c5c6-4b80-a811-9faef6e57e98,Company 463,2018-09-04 18:36:37 UTC,1,Referral / Word of Mouth
953d2a8f-6e95-4d95-9e6f-11c7c9ff4fa2,Company 464,2018-09-10 19:11:52 UTC,0,Google Search
62aae7ac-e40e-44ba-b72a-65ad7b88b0e6,Company 465,2018-03-23 00:34:32 UTC,0,
d9304c9f-daff-41f1-b1ad-044bb2af8e71,Company 466,2018-02-28 18:09:45 UTC,5,
859d8acb-5ad5-482c-a7d4-9f1317fd371e,Company 467,2019-01-18 15:03:41 UTC,0,Past Client
b5b37232-a227-43a5-bf8f-1684f87dab62,Company 468,2018-10-13 20:26:55 UTC,0,Google Search
fb355c16-d0fc-4e4b-9bfa-fde5f772786f,Company 469,2018-03-29 19:55:55 UTC,1,
c415b41a-9a1b-4b60-9001-9d632ddfc0b3,Company 470,2018-08-09 14:08:12 UTC,1,
c77a8338-e7b9-489f-beef-b8f5800ee2e4,Company 471,2018-04-30 18:44:16 UTC,2,
01036cbe-830f-4847-9ccb-63f40aea4b2d,Company 472,2019-01-09 19:30:45 UTC,1,Google Search
cbbb7a23-0019-42f6-81e2-cb9c0b3de6b1,Company 473,2018-12-06 18:43:52 UTC,1,Google Search
20a35504-425f-4429-b647-3652ec239754,Company 474,2018-05-16 16:03:31 UTC,1,
92544446-a386-48d3-bf62-ee09e3f436dc,Company 475,2019-01-07 20:44:06 UTC,1,Referral / Word of Mouth
74b39b1a-56a7-43e5-928e-9454226bd7d0,Company 476,2018-04-02 15:14:17 UTC,1,
8df870e9-867c-45c8-816b-590c4aacbd8a,Company 477,2018-04-03 14:40:20 UTC,0,
24d9c540-7854-4960-a227-47ae2a0b84f1,Company 478,2018-09-21 23:33:01 UTC,0,Referral / Word of Mouth
99a8cd95-a874-4e15-90d5-c990ba0f5e58,Company 479,2018-01-11 14:37:09 UTC,0,
3ecec527-fd75-41f7-b76b-e69123fbe809,Company 480,2018-06-11 14:40:09 UTC,0,
7d4c7026-5dd7-4647-b717-016031e46baf,Company 481,2018-05-16 15:31:39 UTC,1,
20cd8adc-8733-422a-aed8-9f7ada3ffdf7,Company 482,2018-10-31 20:51:06 UTC,0,Google Search
09fd07b7-c500-4e11-930b-2d0b8a451550,Company 483,2018-02-12 15:23:05 UTC,0,
e109b766-472d-4312-95da-85ff34eee578,Company 483,2018-09-19 21:15:11 UTC,2,Referral / Word of Mouth
4fe8a433-7da2-40ee-adf4-0aa2faa7b101,Company 484,2018-01-13 05:27:22 UTC,1,
a733026a-07e3-4bff-8cba-cc3af1b1fd8e,Company 485,2019-01-18 18:35:56 UTC,0,Partner Site
5bcf703c-1b7c-4f19-b008-3ec1ba6ee1cc,Company 486,2018-02-05 17:49:25 UTC,0,
669b2e54-2580-4c7d-9403-49326849c575,Company 487,2018-07-16 15:46:41 UTC,0,
005f3b7c-3adb-410f-aa94-240e1a7c87d9,Company 488,2018-03-07 17:57:47 UTC,1,
faf4f6d8-8bce-4ed9-b2d9-f09be2878a44,Company 489,2018-10-03 16:55:05 UTC,0,Google Search
916a19cb-97c1-4d3d-8bbf-1b9c67f6981e,Company 490,2018-11-16 17:51:15 UTC,1,Google Search
8be8c0bf-0ed2-4963-a1b9-97e705a5352c,Company 491,2018-04-04 15:48:43 UTC,0,
62be85fa-738d-4444-ac23-91a515f65d79,Company 492,2018-05-10 14:00:00 UTC,0,
6bbe2508-ae5e-4284-84ca-34fa4c405f0f,Company 493,2018-08-20 16:28:43 UTC,0,LinkedIn
c65ffcf2-2cdc-4dc5-9f00-8583304d5a8c,Company 494,2018-10-25 21:34:07 UTC,1,Google Search
03ebd94e-c7e5-4285-aec3-bc4791391b24,Company 495,2018-06-07 14:42:33 UTC,1,
acf36187-5e3f-40f6-bfac-c9753fa45b4e,Company 496,2018-02-26 19:12:41 UTC,0,
8d1679b8-d03e-4b4d-afc3-24f4ecad5c6a,Company 497,2019-01-15 06:07:31 UTC,1,Google Search
532eecd2-9fe7-4f20-af5d-034067bc887c,Company 498,2018-03-30 17:21:01 UTC,14,
c976c11d-5c9c-4896-bea0-2881189c3e64,Company 499,2018-10-15 16:58:30 UTC,0,
6353d941-6bbe-4e39-b8be-c262c42cfeef,Company 500,2018-08-06 14:44:38 UTC,1,
ec7f1ac8-f985-4e61-9fb6-0928afc05a78,Company 501,2018-08-08 20:40:27 UTC,1,
eae33b23-63b8-443a-8e13-0e5c1649c55b,Company 502,2018-08-02 21:22:34 UTC,0,
a7dc9d22-1676-4798-9149-0ef9e5e112ee,Company 503,2018-08-21 23:28:16 UTC,1,
7a17fe09-fce0-4f5c-87c6-5f0118d893c4,Company 503,2018-07-29 21:31:55 UTC,0,
41d0673a-f09b-45f4-bbf1-92c610704045,Company 504,2018-12-18 20:37:39 UTC,0,Google Search
77bfa7c4-0c65-406c-86b4-35da2ef16d77,Company 505,2018-04-30 20:29:02 UTC,1,
327c73c7-767d-4768-bef2-c0d935af91d0,Company 506,2018-09-24 21:29:04 UTC,1,Google Search
c68b47fe-936d-4751-8ace-6cd6116e7bd0,Company 507,2018-10-16 18:22:18 UTC,0,Google Search
e6103cb8-eb70-4d6d-bced-36365af68f56,Company 508,2018-02-21 19:54:26 UTC,1,
b562664b-8b98-471b-b50d-5e2396929fc8,Company 509,2018-01-23 15:13:08 UTC,1,
4d4c84ae-6114-4d02-8a4c-eaafaf127776,Company 510,2018-11-27 21:15:17 UTC,0,LinkedIn
b9327976-afff-4e2b-a464-c1d0da154e68,Company 511,2018-07-19 23:05:26 UTC,1,
7c8bb7c5-c4ab-4e99-a568-be7f11501fa4,Company 512,2018-11-08 22:17:35 UTC,0,Referral / Word of Mouth
f10d273d-a6ef-43f9-bcb9-1db9481dd9f7,Company 513,2018-12-28 04:24:08 UTC,0,Google Search
ffc4debf-243e-4042-b665-9c551d898777,Company 514,2018-12-06 00:02:52 UTC,1,
cb62fa2f-a040-4e7a-afe7-c7c12b6b7461,Company 515,2018-05-15 00:31:03 UTC,0,
1f817fee-e520-41e2-83c1-aaf775a1ffcf,Company 516,2018-01-11 20:47:37 UTC,1,
dd82d671-0b3a-4126-80bb-1cd6e4f62238,Company 517,2018-07-03 17:01:11 UTC,0,
53382479-173c-4b89-a34f-4eaac627e010,Company 518,2019-01-16 19:15:34 UTC,1,
f7d8b044-e9fa-4a3a-b7b9-6a845d3d8fc0,Company 519,2018-02-19 17:42:00 UTC,0,
6b10e470-d62b-417d-9c9c-c6c378667566,Company 520,2018-08-04 22:03:23 UTC,1,
1ee3cacf-5fc2-48c8-bcca-6d10b6f981c3,Company 521,2018-05-25 14:22:25 UTC,1,
a83501ff-d573-435a-a67a-8d26e8e9e370,Company 522,2018-08-31 15:40:37 UTC,0,Google Search
f05c626f-0785-4a3c-bfc4-bef33f06cd08,Company 523,2018-11-08 18:59:16 UTC,0,Google Search
c058749a-2afd-401f-9c8b-738b49a0acc1,Company 524,2018-07-03 19:12:23 UTC,1,
c5276cd7-05c8-487b-9079-7e6be256e034,Company 525,2019-01-10 13:50:28 UTC,0,Referral / Word of Mouth
2dec48a9-b48e-4342-9083-7d01d42aa574,Company 526,2018-07-31 14:04:31 UTC,0,Referral / Word of Mouth
ca3ece94-982d-401c-9cd1-cda811bf0224,Company 527,2018-07-02 19:29:34 UTC,256,
bd355b49-af2f-4732-ad04-a90813755ae6,Company 527,2018-07-02 19:28:08 UTC,934,
1dfabe03-6168-4fa7-a5ef-b81b3d6210a9,Company 527,2018-02-13 21:17:20 UTC,282,
3cf4c3be-d509-4b2d-a0d1-511ba8f719a0,Company 528,2018-02-28 17:41:56 UTC,0,
04d5d7c1-84dd-40e2-87d1-68e81c6d7105,Company 529,2018-02-06 20:55:38 UTC,0,
afc8a2ac-c49c-42e1-9fed-6e78588acd2b,Company 530,2018-04-09 14:53:38 UTC,1,
66f90bcf-e1ef-4f24-b781-1afa18b0977d,Company 531,2019-01-17 20:40:57 UTC,0,Google Search
91d7e963-2f93-485c-b64e-d3de0c925da5,Company 532,2018-06-04 19:55:34 UTC,0,
e2f274b5-d9f0-4c0a-80b7-ddd551e56f56,Company 533,2018-03-11 20:04:38 UTC,0,
c34614a5-7c1f-4f34-a1e8-426b83c46279,Company 534,2018-05-07 18:26:59 UTC,1,
ef8dfc12-b4fd-452e-8760-4497af53a054,Company 535,2018-07-17 19:26:21 UTC,0,
6b0602db-67d4-408f-b697-fe84122f8e8c,Company 536,2018-07-16 13:27:23 UTC,0,
f823f62a-cc57-46f2-ab6d-8d4417e2046d,Company 537,2018-04-05 05:34:42 UTC,0,
e9de832a-f276-4ba9-a133-419b84512e5a,Company 538,2018-06-14 16:34:14 UTC,4,
59814e98-c253-4538-aa46-fe1c06c08e7c,Company 539,2018-07-30 20:06:45 UTC,0,
8ebc6741-93b9-42b6-a521-ee042a4ad835,Company 540,2018-11-06 15:44:32 UTC,0,Google Search
e45cbb2f-b1fd-4f1d-b938-9d5327b99a1b,Company 541,2018-08-29 15:25:23 UTC,1,Google Search
8fa669ff-0fc7-48cb-bd00-af950474ad53,Company 542,2018-12-27 14:32:07 UTC,1,Referral / Word of Mouth
982bda9e-0616-4274-a395-b3d9de081e9c,Company 543,2018-06-23 00:12:18 UTC,1,
927f1642-9672-4a46-b860-b73e60198eb5,Company 544,2018-07-13 13:27:35 UTC,0,
fc9100cc-99e0-46d5-b38f-baeb9d31a0d7,Company 545,2018-01-10 16:43:28 UTC,1,
df514ac0-cddb-4874-8b23-7e9836d8c757,Company 546,2018-03-12 14:31:21 UTC,0,
e48c7056-ad0e-4fca-8289-830da3127934,Company 547,2018-01-11 15:12:44 UTC,0,
ab63cb51-70dc-4206-ae34-de6e985379aa,Company 548,2018-11-09 21:50:58 UTC,0,Past Client
62c62fc2-1b49-4f28-8775-5e5a035f24c7,Company 549,2018-02-07 15:57:53 UTC,1,
94503a78-33d7-456d-b4ba-13ec17b49ce8,Company 550,2018-10-17 13:42:05 UTC,1,Past Client
f79f613f-c714-48a6-99cb-248400453a1f,Company 551,2018-12-07 16:42:01 UTC,1,Media
0ba437b0-b730-4876-a6b1-34c62826e396,Company 552,2018-06-07 13:12:14 UTC,1,
1657c216-e133-4972-92a7-ef8020470bf6,Company 553,2018-01-04 17:07:07 UTC,0,
018e8020-ba74-432e-a907-b123de92a019,Company 554,2018-01-09 16:14:32 UTC,1,
012d4d44-73c5-4853-92f6-581772294bbf,Company 555,2018-04-24 19:44:13 UTC,1,
48d74cb4-0775-4aee-966f-a562efaad4f9,Company 556,2018-04-17 21:32:57 UTC,0,
de8ffb3a-c5c5-4c13-bfca-776ade535272,Company 557,2018-02-15 22:25:58 UTC,0,
b11e91eb-9fa7-4430-a701-0a7e4b97c7e6,Company 558,2018-03-31 01:39:28 UTC,0,
108fba11-add3-4589-b310-59f3e9081aa5,Company 559,2018-10-01 20:52:51 UTC,0,LinkedIn
3f0ee56a-4f84-4779-ae90-bb74985b4e05,Company 559,2018-02-05 13:52:37 UTC,0,
76bb7e49-1ae1-4b27-a530-906b75d9ab9d,Company 560,2018-08-14 19:27:09 UTC,0,
38bc1180-5840-4ecb-b0d5-82a119cefd3f,Company 561,2018-05-15 18:56:00 UTC,1,
768b4f44-be90-4032-933a-8a500507c66d,Company 562,2018-03-01 21:56:17 UTC,0,
adce386a-31fe-419f-b672-94db193fe5f9,Company 563,2018-08-26 21:39:34 UTC,0,Referral / Word of Mouth
0097639b-a1aa-46a2-a450-7c7feb3c228f,Company 564,2019-01-29 19:40:20 UTC,0,LinkedIn
43fac426-36f9-43ba-9a2b-e111db713059,Company 565,2018-11-28 20:01:12 UTC,38,SHRM
8bd877d3-20af-4462-88bb-bf3be0754236,Company 566,2018-10-04 17:06:39 UTC,1,Media
79c2c045-8446-4918-9477-d126433c3099,Company 567,2018-12-21 15:32:28 UTC,0,
242eea76-7397-4d11-8c46-3369979eb2d6,Company 567,2018-12-21 15:31:47 UTC,0,
b6aed9aa-e4bc-47b6-80c2-62965dc0d871,Company 567,2018-12-21 15:31:04 UTC,0,
f50fece3-d4a1-4444-8856-de4b93d4e427,Company 567,2018-12-21 15:30:14 UTC,0,Event
5657aa8f-025b-41b3-9904-646444207dd0,Company 568,2018-11-11 17:32:08 UTC,0,Google Search
3ef3708a-dd0d-480b-a2e4-e328cf29dfb6,Company 569,2018-10-23 18:07:08 UTC,1,LinkedIn
57d57b75-4bc4-4a57-89ba-ab7e64ffd485,Company 570,2018-05-15 20:12:09 UTC,1,
2fcd868b-a3c9-40b5-be9e-65efc85b782f,Company 571,2018-01-02 21:53:58 UTC,1,
7028cabf-831c-429b-bc4d-630392db832f,Company 572,2018-09-07 22:49:57 UTC,1,Partner Site
a0b19126-2906-442f-96c5-d4d1166cbea2,Company 573,2018-05-24 20:39:49 UTC,0,
bfe75e40-d18e-463e-9ed7-444472b78a03,Company 574,2018-05-04 18:06:58 UTC,2,
0b33008a-d917-452d-bc12-b9f1fa92e1e9,Company 575,2018-08-21 15:20:29 UTC,0,Referral / Word of Mouth
11d3c69c-b063-44f9-9f0c-a2738824db82,Company 576,2018-06-28 13:26:46 UTC,4,
90d824b2-8d9a-4fc0-b960-0c71948fcb12,Company 577,2018-04-12 23:08:13 UTC,0,
f34d60e5-70e9-4484-a96e-82b13cb02206,Company 578,2018-10-10 23:12:18 UTC,0,Referral / Word of Mouth
78984258-7d90-4c0a-83db-0399dd94b057,Company 579,2018-08-16 19:37:08 UTC,1,
96db03c6-58fa-4cfc-ba79-c3b7ce3cf3cb,Company 580,2018-01-02 17:31:28 UTC,15,Onward to Opportunity
d2314b1f-ad4a-44d6-8b79-79a7d68e9d4f,Company 581,2018-06-19 22:40:37 UTC,0,
d85bd397-e51a-4229-a19b-67f08d66fad4,Company 582,2018-01-04 22:09:33 UTC,1,
1a33f245-acb9-48fa-8fe8-22c37fe0ea07,Company 583,2018-09-18 15:21:12 UTC,0,Referral / Word of Mouth
b5993dfd-b0d9-4794-8627-e7c440895107,Company 584,2018-10-25 13:51:45 UTC,1,Referral / Word of Mouth
5511f120-0693-4a6b-88bb-d1dcc1324afd,Company 585,2018-07-18 15:09:59 UTC,1,
605eb731-47a7-42f2-b859-9abc1ef18dde,Company 586,2018-05-08 15:18:31 UTC,1,
3a0b5468-0b81-4f06-a40e-19c5a30e0037,Company 587,2018-06-07 15:08:20 UTC,0,
0b558e1a-bd74-483d-b297-e45d97a6d293,Company 588,2018-11-19 16:12:38 UTC,1,Google Search
acac4545-ec3d-4bd4-b575-592d310760b7,Company 589,2018-04-27 04:02:10 UTC,1,
18b6f8fc-336c-461e-9948-99f3184d7222,Company 590,2019-01-15 23:21:20 UTC,1,Google Search
8667d2b2-5acf-45a8-a08e-38126cacc1ed,Company 591,2018-12-12 00:44:38 UTC,0,Referral / Word of Mouth
ae13ae8e-ec59-4f46-8199-ccb4a6bc6443,Company 591,2018-09-21 15:24:20 UTC,0,Past Client
0c89691e-8212-4aa6-967b-b19f48a0ec4d,Company 591,2018-01-30 21:59:14 UTC,10,
6c69c4f3-82f9-4b63-9d8a-06f60ec90b07,Company 591,2018-01-30 19:36:05 UTC,7,
b31a38b9-24be-41b5-a167-3aaaeb03888d,Company 592,2018-04-09 17:14:47 UTC,0,
b5c85108-2f8b-451d-a73b-89889f32ca2f,Company 593,2018-05-25 17:05:24 UTC,2,
fccc2fef-f6f2-49c8-8e2f-2aa9a9b75b75,Company 594,2018-03-07 04:27:45 UTC,0,
a3f3d662-9ad0-450b-b713-e1dc6d04a4f1,Company 595,2018-06-12 16:40:01 UTC,1,
ab521a3b-6743-4700-b928-e14542e674e0,Company 596,2018-03-26 20:13:33 UTC,1,
5a4fa612-cc56-4e57-9917-b4dcc6dee3bb,Company 596,2018-02-05 14:44:26 UTC,0,
d4492a73-eeef-4fb4-9866-7ac6468bca3c,Company 597,2018-07-17 13:55:28 UTC,0,
64dcb1a0-4a06-4c3c-9c7f-1e8b9c26d2dc,Company 598,2018-10-23 19:18:00 UTC,1,LinkedIn
ade62350-4994-453a-a81d-eda3ecd3b177,Company 599,2018-01-03 13:36:46 UTC,0,
f42e1150-cc68-41e0-be38-6a15ac4066af,Company 600,2018-06-14 12:44:03 UTC,1,
614aaa2b-db71-4c29-a292-7288a5dd06ec,Company 601,2018-11-13 22:48:44 UTC,0,
22573ba1-d4ce-411b-b061-e7e8a54606de,Company 601,2018-11-13 22:48:01 UTC,0,
2ba0e6e7-0b41-4f0f-93c7-a00d8bdf70e8,Company 601,2018-11-13 22:47:22 UTC,0,
3a648530-4cf9-4c4c-aa43-02a598d5a56c,Company 601,2018-11-13 18:36:11 UTC,0,Event
60243ffe-f953-4b6e-8cfb-cc35489a5a07,Company 602,2018-05-25 19:47:12 UTC,1,
12d900da-325c-4392-9396-caa705f5475b,Company 603,2018-12-21 14:28:59 UTC,1,LinkedIn
d1afb950-30a9-4a21-8c75-3b9bd337fb66,Company 604,2018-04-16 20:01:34 UTC,0,
728f5842-449b-47e7-9ac6-3bc69b529e90,Company 605,2018-06-11 17:37:22 UTC,0,
b623a867-aa7b-4b85-aef5-f14fe7c17323,Company 606,2018-02-15 00:14:15 UTC,0,
98f051f1-8ebb-4b7c-b3a2-c846145448cd,Company 607,2019-01-08 18:31:43 UTC,1,Referral / Word of Mouth
2a44d545-2048-40bc-a340-c1ffd9f8c097,Company 608,2018-01-22 21:44:28 UTC,1,
aa75ddbd-1d41-4557-9126-1e7137a761f4,Company 609,2018-01-22 20:51:31 UTC,0,
e2a69b24-2692-4857-bfa0-837693e418ad,Company 610,2018-01-24 17:04:07 UTC,0,
38e04f60-941d-447e-be8f-6dec9e53198c,Company 611,2018-07-25 13:51:46 UTC,16,Onward to Opportunity
6d7df414-9f6c-45f3-822b-2824051a975e,Company 612,2018-01-31 18:53:49 UTC,1,
33087a75-7f5e-472f-867f-c7251328a84d,Company 613,2019-01-09 14:24:50 UTC,0,Google Search
5d3ed93b-b7b3-43e9-af8f-2420d38f97b7,Company 614,2018-04-16 21:14:21 UTC,0,
c9aa4cc7-eaef-42ac-85fc-5044973bbf42,Company 615,2018-11-21 18:31:54 UTC,1,Referral / Word of Mouth
a6e390ae-e384-455b-94ba-4d3a38c8bcab,Company 616,2018-10-10 16:04:18 UTC,3,Partner Site
94b37d78-665d-403f-a713-bad6320f4b35,Company 617,2018-01-25 18:21:54 UTC,0,
58168521-bc03-48a4-93ba-02958b772ecb,Company 618,2018-02-26 18:33:20 UTC,0,
cbb0733f-d204-4eb9-b068-21568188e56b,Company 619,2018-11-01 17:33:54 UTC,1,Referral / Word of Mouth
9bc22f72-bc6e-4765-9c71-999312463be9,Company 620,2019-01-16 21:10:03 UTC,0,Google Search
2ce82989-643c-49c8-a0f3-76b85c09b8bf,Company 621,2018-08-14 21:31:02 UTC,0,
01383dba-6da8-48b3-98c3-225c5b0b5acd,Company 622,2018-11-08 16:28:22 UTC,0,SHRM
a93da204-4071-4f1f-9d34-f4a5681ab980,Company 623,2018-07-02 16:00:59 UTC,1,
e557a566-5a76-4369-aa81-6f0f893e5cae,Company 624,2018-08-23 15:55:26 UTC,1,Google Search
67fb1a1c-c0c1-4c5f-ba92-d5a754769770,Company 625,2018-08-02 19:21:55 UTC,1,
2666bbbe-ef32-4eee-b0fb-d1182ae9fdeb,Company 625,2018-08-01 21:30:11 UTC,1,
74e196cb-d610-4c44-95ab-65c62aaa0616,Company 626,2018-03-15 17:57:41 UTC,1,
54e6d227-9d73-4674-9b2e-bca7fd25abc3,Company 627,2018-03-30 02:01:30 UTC,6,
47132a40-2942-4ea1-9297-e4e8dae64243,Company 628,2018-05-11 17:06:44 UTC,0,
e6e65d79-d725-4180-8a3a-b3f7367728ad,Company 629,2018-12-13 19:14:30 UTC,1,Referral / Word of Mouth
5e2b55e9-eb7f-4e83-889e-124ef8d12c91,Company 630,2018-07-13 18:47:43 UTC,11,
398e0205-8f28-4029-b361-c91492614b75,Company 631,2018-07-23 21:15:10 UTC,1,Google Search
72bb3168-7c9f-4b67-8d6d-f25ec4a2bd41,Company 632,2018-01-11 20:50:59 UTC,1,
417beaf4-3f47-47aa-8547-82e52ef9bc51,Company 633,2018-05-11 10:51:16 UTC,0,
9fd8ec2b-9810-4faa-b1d7-d523998e2421,Company 634,2018-08-30 18:56:36 UTC,0,LinkedIn
0218aa37-7922-4dbb-92b5-931ba81ef4ce,Company 635,2018-02-22 17:38:28 UTC,1,
07f3b0c6-4411-4a14-9072-e99b00bf766f,Company 636,2019-01-21 14:05:00 UTC,0,Media
6485b852-b6ae-4c49-87b6-6b7c7455a5db,Company 637,2018-12-27 14:37:13 UTC,1,Media
87633cde-1bfb-4649-9f5e-d386ad29ef56,Company 638,2018-10-23 14:08:28 UTC,1,Google Search
9a623e3b-3b2c-4fe6-8571-07df2af797db,Company 639,2018-04-13 15:16:57 UTC,8,
5f884e68-2564-43c7-8ff6-71b2043d1e47,Company 640,2018-02-28 13:41:24 UTC,1,
5cd40a25-9e99-4c84-848d-ebaa6adc30f8,Company 641,2018-03-01 00:57:27 UTC,0,
ab362301-97df-4764-b5cb-938a7c5c9531,Company 642,2018-06-25 23:22:53 UTC,1,
00d2b9d5-bbad-44d7-85f3-d554433c1c9f,Company 643,2018-10-03 17:45:03 UTC,0,Referral / Word of Mouth
0e0bdc90-4379-4a91-9626-e670dcd25218,Company 644,2018-10-01 21:37:30 UTC,0,
011ed5dd-3807-4b65-904e-6aad95b72fed,Company 644,2018-10-01 21:37:29 UTC,0,
40f1a116-8473-4479-bc9e-0d981cab089b,Company 644,2018-10-01 21:37:29 UTC,0,
b3bbe78e-f0fa-42d6-b3f7-7c7794f8eb07,Company 644,2018-10-01 21:37:29 UTC,0,
dff9aa77-dce0-49e6-bf8e-ac2de2de92ec,Company 644,2018-10-01 21:37:29 UTC,0,Referral / Word of Mouth
7e1bc169-4f28-45b0-9e26-0ae6a71d88f3,Company 644,2018-10-01 21:37:28 UTC,0,
5f88d527-e878-4559-a91d-a9c55a32bb58,Company 644,2018-10-01 21:37:28 UTC,0,
a3f9354b-28c2-4e1e-810c-48d13aa3bde8,Company 644,2018-10-01 21:37:28 UTC,0,
3e30d5df-2acd-4041-a809-8480e6454a6c,Company 644,2018-10-01 21:37:28 UTC,0,
405424ad-7bce-4fd3-a4f8-d3326eecb42f,Company 644,2018-10-01 21:37:28 UTC,0,
38c428ef-4c2f-46ff-bce2-8c455c28299f,Company 644,2018-10-01 21:37:28 UTC,0,
a7fab3a4-2ebe-4fbe-85c4-d8faf6f1ab55,Company 644,2018-10-01 21:37:28 UTC,0,
bc41b82a-135e-45ed-a73b-5638bef4ef09,Company 644,2018-10-01 21:37:27 UTC,0,
7f339206-be43-437a-a02d-bb84751c0947,Company 644,2018-10-01 21:37:27 UTC,0,
dec3c57e-b930-45ad-91a4-223a4112118f,Company 644,2018-10-01 21:37:27 UTC,0,
b21078e8-ee25-4c8c-9123-d10a5ac1d38b,Company 644,2018-10-01 21:37:27 UTC,0,
2bd56f5c-09a2-4973-963b-bcad64bc2189,Company 644,2018-10-01 21:37:26 UTC,0,
c82bcae9-8f12-4799-b1f7-ddee8a7ce955,Company 644,2018-10-01 21:37:26 UTC,0,
51d4daea-453f-42c0-a02a-7a2ab2465c1b,Company 644,2018-10-01 21:37:26 UTC,0,
f0bf56de-3ed4-49f5-bc98-e64d1187e585,Company 644,2018-10-01 21:37:26 UTC,0,LinkedIn
11f8f265-9881-4f65-89af-ff86e8ad0b8d,Company 644,2018-10-01 21:37:25 UTC,0,
b8e16ecc-e23d-4443-a8a6-1142023ba374,Company 644,2018-10-01 21:37:25 UTC,0,
0be741e1-dc45-4153-9a34-0f491ec0e334,Company 644,2018-10-01 21:37:25 UTC,0,
c0bc508d-7a52-407c-ac7f-22fd080a1c9d,Company 644,2018-10-01 21:37:25 UTC,0,Event
4c74691f-0288-4884-9664-c06e3cfe8f52,Company 644,2018-10-01 21:37:25 UTC,0,Referral / Word of Mouth
9c80a35b-41cc-427c-b143-69d833c8febf,Company 644,2018-10-01 21:37:25 UTC,0,
7321d511-0889-4c3f-b974-799ba82cf23c,Company 644,2018-09-25 15:20:50 UTC,0,Partner Site
8b6ed5a4-fc66-47df-904f-c9345cb88ebd,Company 645,2018-02-12 18:37:42 UTC,0,
0bf746c8-bc7c-49cd-95a8-6467a7a38eb0,Company 646,2018-09-06 18:04:01 UTC,1,Google Search
208ec3d4-d809-46b4-bbcd-a80aa3228eef,Company 647,2018-08-23 18:19:03 UTC,1,Referral / Word of Mouth
e54d68e5-1fd8-40ab-be53-ea73f8702c65,Company 648,2019-01-25 21:23:28 UTC,1,Google Search
4b1c9e4e-0210-414b-a2f1-29bf9ea80fb7,Company 649,2018-05-17 20:02:42 UTC,2,
b8870560-583e-4ad5-a386-7291e25ad04c,Company 649,2018-07-31 23:19:16 UTC,0,
f8c686c0-0c10-4420-bace-f5610b13ef43,Company 650,2018-11-05 13:30:03 UTC,1,Referral / Word of Mouth
b5e7eb5e-32aa-4300-9d1c-60f65005a169,Company 651,2018-08-29 19:05:03 UTC,0,Onward to Opportunity
9dab1bee-02eb-438c-b791-84515e28adfd,Company 652,2018-10-08 18:28:20 UTC,1,SHRM
8ef143c7-8484-46fd-b476-f50d0953d37b,Company 653,2018-01-11 22:02:57 UTC,0,
0f37ba9e-bb3b-4b98-99a0-2b0b98529bfe,Company 653,2018-01-11 17:12:20 UTC,1,
e1851ea2-1a8d-46d2-9989-4aed12bfc5ce,Company 654,2018-07-15 16:59:12 UTC,0,
a58d10fe-e25b-49b8-b92b-04f54a39c480,Company 655,2018-10-24 16:12:09 UTC,1,Referral / Word of Mouth
7e9ae70d-5b16-4e53-a4b2-a8ab293c0a75,Company 656,2018-10-22 14:53:16 UTC,0,LinkedIn
48034f83-16a6-4a54-9569-709b73eff21d,Company 657,2018-01-24 15:56:52 UTC,0,
215ff7f7-0a38-4cc4-a27c-0221ecf2a46d,Company 658,2018-04-18 12:48:33 UTC,1,
8d51f74c-c475-42fe-ba1e-f3b85fbbe101,Company 659,2019-01-03 18:12:56 UTC,1,Referral / Word of Mouth
91fcb97d-44c6-4f54-8bc8-2eec557cdac3,Company 660,2018-03-26 20:19:23 UTC,1,
708126d6-f538-4ba9-877b-12bde140ca5c,Company 661,2018-08-17 14:23:09 UTC,1,
91cf3cfb-e92d-4f6b-bee2-74dd1188bb3d,Company 662,2018-11-13 18:47:57 UTC,0,Google Search
290b39c7-bcba-4132-b8d4-6369d44bfe96,Company 663,2018-06-07 18:37:32 UTC,0,
586be278-ee99-4394-99fe-c87134f0e06b,Company 664,2018-07-18 01:44:08 UTC,0,
1771b9bd-95a2-439b-ba8b-d24ba45c2e05,Company 665,2018-09-26 19:11:18 UTC,0,Referral / Word of Mouth
cf2c8260-9498-42e5-8c5e-922e30c16cac,Company 666,2018-07-11 01:34:32 UTC,0,